address,ens_name,follow_count,follow_count_space,follow_count_non_space,total_votes,total_proposal_interaction,total_proposal_interaction_in_space,total_proposal_interaction_non_space,total_nft,rewards_nft
0x38dAEa6f17E4308b0Da9647dB9ca6D84a3A7E195,alexcore.eth,20,1,19,44858.9256,1000,20,980,50,0
0x183bDB344A07Ee3D27f07AC4799A56E4A2fE5439,NULL,20,1,19,29769.08939,1000,45,955,16,0
0x2Ea5E9E452F85f55Be47504153f25740A5f3D78A,archer36159.eth,20,0,20,6018.81836,1000,55,945,50,0
0x7dd508a1e4Da1243789B799a480f8B45e58b1B5b,5747u5.eth,13,1,12,259172.0656,744,89,655,10,0
0xf85d965e9Fd4607B000110253214f49231f0031a,rasoul.eth,20,0,20,27250.06315,715,88,627,50,0
0x95F50Cf888dFeC90321dC376c1E695F15B081595,xf0707.eth,20,1,19,31481.99343,709,90,619,47,2
0x382Cab376440F92d4943f8b47Dd45645CF98BE0C,arielli.eth,20,0,20,40244.11105,687,86,601,50,0
0x7DA0e97CB78832463914392B5d414C1bEFA1fB01,wuguo.eth,20,1,19,144041.9141,681,80,601,50,0
0x03894d4ac41Dd6C4c2f524eD4417C90fA46972c6,haoxiao.eth,20,0,20,31700.33349,662,58,604,50,0
0x77C9e49073d9830723195f3788570c2c36c97688,0000x.eth,20,0,20,48591.40174,648,90,558,50,0
0x9E4977972cb8A95fDF2Cf9Bda269EBDB2DcaEa35,wangling.eth,20,1,19,67542.17516,642,74,568,50,0
0xe9945b3AcbDc2f9dcad8871F01aa9dabBb20d882,sibiu.eth,20,1,19,41063.65695,618,49,569,34,0
0x41E260E8F07615418968C5Fc7D10e277Cf7eaB56,btclabs.eth,20,0,20,39406.76888,611,63,548,50,0
0x994F96722575B64b27CDBe327498F34Aaa2f0043,radmehr.eth,20,0,20,71921.1949,602,86,516,50,0
0x6B87616D8fe9eb216975D464F13A82f72114af2F,san21.eth,20,0,20,87945.21742,591,90,501,50,0
0xD57e9dF75381553cE9c154712aC7f73Eb206BD63,pypke.eth,20,1,19,36910.67794,565,63,502,50,0
0xa9811f9f6B8bCA7f9F91f850A98310e63FBB7326,shojaie.eth,20,0,20,235032.7162,561,93,468,50,0
0xDc52350858b60853D93390Ab38DEe3ce7e147fa7,capxon.eth,20,1,19,30984.21351,547,89,458,50,1
0xBe13084Cea1e3C8615f781b85B995c4d95947080,bmlcwenwu.eth,20,0,20,85705.33235,543,89,454,50,0
0x1d0239E4E185f5F3FBa605897849744AE8B5F333,weigu.eth,20,1,19,33336.34384,543,63,480,50,0
0xCBb54Eda2048b57d1b0Afb19a73948E9D58B6973,cunami.eth,20,0,20,184574.0202,542,89,453,50,0
0xe274aE86FF13C1bBAACd3662Ec5fd7279A18E28f,tnfps.eth,20,1,19,65987.04655,542,63,479,50,1
0xA129D5436FB797ff1d9C11B5F9d3AB0e27Dd34B5,bugbu.eth,20,1,19,32729.24752,539,63,476,50,0
0xDC7EC05Bf7781f9E861Ee5486023Dc6CF71FA7c4,lgtzz.eth,20,1,19,35401.27165,537,63,474,50,0
0x7F64716CFB04eF0b78A3fCf02d3406A1b9DD0c42,xffxf.eth,20,1,19,38484.92567,536,63,473,50,0
0x33d7147b957C1d1D0bB17d2B09E1d85E86be9873,ntqbd.eth,20,1,19,37698.04081,536,63,473,50,0
0x41602b8582F474Eb9C029dD502e7DdA119345931,qepdm.eth,20,1,19,34603.67776,536,63,473,50,0
0xFd7D9173403efd29F6b0b576217a59fD426170B8,aqytu.eth,20,1,19,32987.18567,536,63,473,50,0
0xF9039Ae1E299486D8E6C5740ca6340797fd42736,ydlup.eth,20,1,19,31796.05126,536,63,473,50,0
0x94d4d40759af1CD2adDB95252278DBAe38C78D1b,ecsqr.eth,20,1,19,38231.98995,535,63,472,50,0
0x81d53CD3e96FD8D51CEf3DE47e546d0b325af8bF,lgxbl.eth,20,1,19,37850.33193,535,63,472,50,0
0xb4d50b4e31181A004BeB14e8b0A522bb434ea1fe,xggbi.eth,20,1,19,38094.37216,534,62,472,50,0
0x3B174445371Dd00Fb766357F29118aC6A0aEEc1C,ihwww.eth,20,1,19,36886.98756,534,63,471,50,1
0x66109B3b6348d1dF6bF1f8d998e527b967f682EA,qybxi.eth,20,1,19,36446.3204,534,63,471,50,1
0x8a36c41E2b7d0ee24668729d08543AB77A99DCeD,hfpqr.eth,20,1,19,36332.26751,534,63,471,50,0
0xF574fBbbD0C29Ff2dbD10839E33793a6EAfde809,smpkm.eth,20,1,19,36309.21118,534,63,471,50,1
0x02E9e647e041854Ad3c4c56D8C4F4B69c68A7682,oqtgh.eth,20,1,19,36035.12964,534,63,471,50,0
0xbAFaf28d01aEfec4cF16830d2187beCD502c6e0F,onzjq.eth,20,1,19,35906.95181,534,63,471,50,0
0x512fce9B07Ce64590849115EE6B32fd40eC0f5F3,balancermaxi.eth,15,0,15,17614155.63,533,91,442,23,1
0x1E265fDd0654120C739639B87E967F65339aa4cf,amoef.eth,20,1,19,38977.31364,532,63,469,50,0
0xee33D688fE27a3a754435c50F8A12654D5327a16,obyer.eth,20,1,19,39281.24065,531,63,468,50,1
0x2338E4897119a104a3145F7b500fE98B51A56637,nsqlw.eth,20,1,19,36465.29703,531,63,468,50,1
0xC9Ac69013f041eBEE6009bED69047Db1a795Dbe9,xkyoy.eth,20,1,19,39170.12149,530,63,467,50,0
0x4E4b40b1a3f945D6eCc00f65AdBa063be82439F0,knxyc.eth,20,1,19,35330.01653,530,63,467,49,1
0x1D7375A6FFc5a60B435558859a2762CFd6C6b07f,xgejq.eth,20,1,19,41412.35054,529,63,466,50,1
0x1CD1a6C4570c039368f5456Aa82574AF6567e6F6,plglk.eth,20,1,19,33856.99953,529,63,466,50,1
0xE8FcdB117A5f0eC16Ef040E6fE3F675390A7Bb5c,tbkgl.eth,20,1,19,33849.43488,529,62,467,50,1
0xe874411d6e354B93bE52B05280052c193550fa03,szirh.eth,20,1,19,31240.51494,529,63,466,50,1
0xA3728c1f3Ac52ded2fc69D3b95235d7a6fD2B377,aqziq.eth,20,1,19,39971.90911,527,63,464,50,1
0x6069A291fC1DBbB0782A1314b6fb06e6D25B22da,fgdzg.eth,20,1,19,35989.3001,525,63,462,50,1
0xbBdfe37F2b5D2b7E86721324336aBdc2221c4be3,ondkl.eth,20,1,19,31969.66049,524,63,461,50,1
0x6Ce617317a75aCa2c9F7129bBe329BCD242c884A,alicegalaxy.eth,20,0,20,45816.75228,523,93,430,50,0
0x070341aA5Ed571f0FB2c4a5641409B1A46b4961b,NULL,12,1,11,13496350.03,517,92,425,1,0
0xF3B23BB212567c174f356437F98544bf13164436,anpay.eth,20,1,19,91747.69824,511,71,440,38,2
0x6CEEa0FC41387fC6780aA78125ffdE3EcE0dc103,ppyaa.eth,15,1,14,29644.5574,505,73,432,37,1
0x1e39cC29009ED4760c186d8771295c1E224882d4,madiba.eth,20,1,19,659150.5167,503,84,419,28,1
0x819Fec659e1C225ce330B02e01f1e4c629E92A7a,forough.eth,20,0,20,31001.50992,494,89,405,50,0
0x5F4ef5C539a56291665FcCa4e6b7a6446AD11Cc1,zhongwei.eth,20,1,19,150590.9996,490,74,416,50,2
0x520cc7572527711B8C50bceFe1d881F8ddb5Fe8C,xuyunming.eth,20,0,20,43731.52965,485,59,426,50,0
0xF42aD66F4b66628584f2E97421A008d62A8f116c,defi0.eth,20,1,19,97606.7118,476,93,383,50,1
0x79e684A001fDD917FE61bf0643d5800956C91A83,lunanft.eth,17,1,16,27982.80036,469,81,388,50,0
0x17dfD18987B6B131686fea478600b75D11193335,NULL,20,0,20,245760.2294,465,69,396,50,1
0x17dfD18987B6B131686fea478600b75D11193335,NULL,20,0,20,245760.2294,465,69,396,50,1
0xf3FE8c6c75bE4afB2F8200Fc77339abE4D7CFF33,kuiqian.eth,20,0,20,91920.94183,465,75,390,50,0
0x1D1a13b16667c284b87de62CAEEfF0ce89E342B2,stablenodegov.eth,4,1,3,7261885.661,462,92,370,0,0
0xd5FAE9a76DE0bF1063eEE5D4AE05Be77cB08E68A,NULL,17,1,16,32535.64867,451,88,363,50,0
0x74075D1A2481F25343B32Bb1A7bf6336Ee42B016,shuangzzz.eth,20,0,20,43735.63049,441,89,352,50,3
0xd9220628480F074Fe8D1d9A493C0369E6C4FEf0A,liuzan-hua.eth,20,0,20,29887.07496,440,63,377,50,0
0xe626E8ca82603e3B44751f8562B5ED126d345140,tyevlag.eth,20,1,19,546084.6699,439,88,351,50,0
0x8e1f742672e7065D31A0a266B17D412082481d44,NULL,20,1,19,85622.00356,439,74,365,40,1
0x1F14c2F40400471FB4a3AEf1390F6BbBf2AD8F99,streamingfast.eth,20,1,19,52288.21395,418,60,358,50,0
0xdd5770b0F9f17F0228ceE1f08903Ff6b0CC7A7CD,wepoap.eth,17,1,16,32160.78258,417,92,325,50,0
0x6d8d524dbE93B62995285D6be5Fbf3d0CCC0f2FF,l1ning.eth,20,0,20,29001.34181,414,54,360,50,0
0xE6156d93fbA1F2387fCe5f50f1BB45eF51ed5f2b,ryanholloway.eth,11,1,10,107799.9795,409,93,316,50,0
0xE6156d93fbA1F2387fCe5f50f1BB45eF51ed5f2b,ryanholloway.eth,11,1,10,107799.9795,409,93,316,50,0
0x12ef58947285F01cE8d8EcD90b3Ea384B022cd1C,lanke.eth,20,1,19,26868.33215,409,82,327,50,1
0x43dd14091D6769DB1a14873506132bBd7f04D384,2-555.eth,20,1,19,26643.53708,402,83,319,50,0
0x6854FFFA71A4aE49df700d087D377a297C595386,NULL,20,0,20,32738.32255,401,85,316,50,0
0x09DA2d53C9d7e569e428b7F4A5c82C7CD855a7D4,smartinfrastructure.eth,16,1,15,260572.9177,399,92,307,27,1
0x27a69FfBa1E939DDcFEcC8c7e0f967b872BaC65C,meowky.eth,20,1,19,113783.2853,393,78,315,50,2
0x168F87fBfe36B84E44B9d06278B2aA1CC73d7400,0xteaser.eth,20,1,19,220319.1814,392,87,305,50,0
0x86070222395d2035eC39d55Aaf2D93170b12bAbF,bahmanwi.eth,20,1,19,65004.39116,392,89,303,50,0
0x9Adfd762D997bd382028A579Bb68bDD49d97493c,sissixin.eth,20,1,19,38340.85074,392,77,315,41,2
0x4929f4d38F2955649b5aa34343da04cf790B9D92,pepedefi.eth,20,1,19,1047781.425,387,92,295,43,1
0xA0efD27acC781549D5b78e89E561AA0903932d56,spoken.bakerydao.eth,14,1,13,508217.2965,380,93,287,45,2
0x884c95d6e9222D9E503Bbfefad376321a85436ca,morelo.eth,20,0,20,47666.76442,376,67,309,50,0
0xC292573D51097347bA34Bec624fD088DD3D0314A,junjie5031.eth,20,0,20,61675.12207,375,92,283,50,3
0xC292573D51097347bA34Bec624fD088DD3D0314A,junjie5031.eth,20,0,20,61675.12207,375,92,283,50,3
0xd182768D1a7B9a09515464e017dBCDaA2993e059,arz2arz.eth,20,0,20,27275.02753,373,63,310,50,0
0x52CDed5247DC34228F42381eeB1f7b1C295a7Ab0,NULL,19,1,18,68167.63341,372,93,279,50,2
0x71FF65395A8998409608F8003007C4144978169d,moonedog.eth,17,1,16,58775.8848,372,86,286,43,2
0xADa29d37eF1ac3Df5D76413eCF752013F7870202,tmags.eth,20,0,20,54925.34589,371,86,285,50,0
0xBf207EA5de7D210DB9F70Baf7c79Bb8c6c36666c,thinget.eth,20,1,19,49991.1393,369,88,281,50,2
0x2D054602f39Ee2285Fdde7300753E9484D42aDBD,cantopop.eth,18,1,17,252402.8084,366,92,274,50,0
0xd5Cf44F59D0079bE8764d1041c5D238864E7A28B,0xdydx.eth,20,1,19,107122.1964,364,72,292,50,2
0xd5Cf44F59D0079bE8764d1041c5D238864E7A28B,0xdydx.eth,20,1,19,107122.1964,364,72,292,50,2
0x958c20A43F5206F186B0195cCB61Acb724b2EE1E,hirokennelly.eth,11,1,10,455291.797,361,77,284,30,0
0x1d5E65a087eBc3d03a294412E46CE5D6882969f4,ronbrowz.eth,17,1,16,102724.072,359,14,345,7,0
0x1d5E65a087eBc3d03a294412E46CE5D6882969f4,ronbrowz.eth,17,1,16,102724.072,359,14,345,7,0
0xb3313b023e68CdA95d7B625200e1B0fE6335A0c2,rsrosabio.eth,20,0,20,103951.4596,357,80,277,50,0
0xb3313b023e68CdA95d7B625200e1B0fE6335A0c2,rsrosabio.eth,20,0,20,103951.4596,357,80,277,50,0
0xd798dFAD9CE8FcD535A54E963dBD5Ea6c4985530,voodoolcp.eth,18,1,17,65305.6999,357,55,302,14,1
0xd798dFAD9CE8FcD535A54E963dBD5Ea6c4985530,voodoolcp.eth,18,1,17,65305.6999,357,55,302,14,1
0xF82b3a0CD76EF3DcFaF772c27b2a39F1e1915494,maximilianuos.eth,20,1,19,40742.71282,355,80,275,50,0
0x682C4184286415344a35a0Ff6699bb8EdAbDdc17,justwanttoknowathing.eth,11,1,10,647775.4186,348,44,304,26,1
0xaec80B4fbE227198720b1d1B82a12968bAA0B144,changning.eth,20,1,19,510059.4963,348,44,304,31,0
0x23c4111D6f85De542DD8AD911c7c3cc66E98faa7,fateswing.eth,14,1,13,142000,348,72,276,0,0
0x2245bE89Fc8faB94ed982e859Aa3212A4e4eB7e5,ethlegends.eth,20,1,19,487737.6699,342,60,282,50,0
0xd8742073F4F44d0046916a9B62A955A36e0c0e5f,heyun.eth,19,1,18,109391.5001,341,76,265,50,0
0xE4b217F63fA4b9b10C87d2eae0D4a1065c6549a7,18969393300.eth,20,0,20,104903.0176,341,81,260,50,0
0xBf62319147a6fB8DCB9bd907B890195Be6929222,happybday.eth,19,1,18,214258.9419,340,78,262,50,2
0x5A2Cf5b6061De4Cd3C5936a781621fA8E4d1fDcF,gusha.eth,19,1,18,182852.7786,338,60,278,50,0
0x5defe4f60965528030EE48bba305Ed017AB84998,crypto3egal.eth,20,0,20,26585.16171,338,89,249,50,0
0xDcdB53E8E1123BAA64a0B7d3Da13E360CA843797,permanentloss.eth,13,1,12,154093.1375,337,82,255,46,3
0xDcdB53E8E1123BAA64a0B7d3Da13E360CA843797,permanentloss.eth,13,1,12,154093.1375,337,82,255,46,3
0x8B9A3787dfA6d221990967C7AEe4c6F7237649A4,NULL,13,1,12,27494.05303,337,50,287,23,2
0x54e250eA9b59F4d627b7c35570E7AcD688916Ba6,supra93.eth,12,1,11,269195.9347,336,36,300,1,0
0xd39eA6043d1Fa03f5be2bEB2cFE65faa4eF0e595,mrblue88.eth,20,1,19,609952.0482,333,93,240,42,2
0xAa87a3a6290E2739bB7C87A0D6d6AB794CB2DB23,majid-mousavi.eth,20,1,19,69263.81524,333,89,244,50,0
0xAa87a3a6290E2739bB7C87A0D6d6AB794CB2DB23,majid-mousavi.eth,20,1,19,69263.81524,333,89,244,50,0
0xEae9C2A2C803BEcbC81F3A485a7cdA9D03E33165,aibobaby.eth,20,1,19,41292.24155,330,24,306,38,4
0xA9F51db4725f0EAf9d530Bae8db0fd858D505547,warside.eth,20,1,19,95276.93471,322,62,260,50,0
0xCf2b7c6Bc98bfE0D6138A25a3b6162B51F75e05d,0xphoenix.eth,20,0,20,603364.3547,321,67,254,50,0
0x694cf723954203C4644f273277538af3dd947489,sebakh.eth,20,1,19,97419.80022,320,45,275,50,0
0x68f66Fac4B02419496a7C1D5Ad5F093Ae67e6E50,zhahugh9527.eth,20,1,19,42329.26297,318,44,274,50,0
0xbd3932EdA8C754C531351A8A88f96d2B77128335,dsbtc.eth,14,1,13,92167.18782,317,65,252,13,0
0x2360d331A8d59aC079bCB516DE782d3906a7E950,deason6.eth,13,1,12,99948.52556,314,63,251,49,1
0x2360d331A8d59aC079bCB516DE782d3906a7E950,deason6.eth,13,1,12,99948.52556,314,63,251,49,1
0x475b6ff6603F17177B7E419d1aD2791fb82a3a56,aralekor.eth,20,1,19,96814.6449,314,61,253,33,0
0xFB40932271Fc9Db9DbF048E80697E2Da4AA57250,axisb.eth,16,1,15,49863.1463,313,87,226,50,0
0x566E3171b980dcD041eC0696E10C73FeF191dcFD,lambos?n.eth,20,0,20,26537.63064,308,39,269,50,1
0xa51fAB99348B58082154A96FD2a7D92600a0E930,haciyatmaz.eth,20,1,19,98421.60851,304,89,215,50,0
0xAcdceB490C614fA827C4f20710ee38E6b27d0EB2,0xdai.eth,20,1,19,40226.26524,301,76,225,50,0
0x9A5dca0fC5440AaeD7550F93822B04DC6E187B8C,mohsen59.eth,20,0,20,42095.63641,299,84,215,41,2
0x9A44394ffd96a78d0B5c5b2f5DCFF6052C70176d,jawnnyquest.eth,14,0,14,28176.42187,298,28,270,19,1
0x57987a50186A9615Ba8f7BE757c0711942baA60e,piwork.eth,11,1,10,514470.3177,297,84,213,50,0
0x0D2349e291A9e0Bb755bFFA4097E6D378A72330B,danielthegreat.eth,20,0,20,58661.43249,296,25,271,50,1
0x4EE809D0e7b4Ab90474C515329E1409F16Ed9a26,cgxuanyu2056.eth,20,0,20,34528.74528,296,56,240,50,0
0xa2277F4aE7e6380De426fa334B05D4CEb39F1d47,NULL,20,1,19,321303.692,295,62,233,50,1
0x183B55b55127d35D3424e838aaD045692045A144,nokia3310.eth,14,1,13,249518.4001,295,91,204,50,0
0xBB67bCe8D0E63082A5A349B35439F14C167E08F6,xiangguacheng.eth,20,1,19,29094.54868,294,20,274,18,1
0x9E2E00AaB67c3A7B827eb3e431c4A6c2077510a6,fatihbilgili.eth,15,1,14,240087.6366,293,35,258,18,0
0xec561DD73346f761d1C09f46999bc8Ea1b1E95a2,luckfairy.eth,20,1,19,103450.5379,290,89,201,50,1
0xec561DD73346f761d1C09f46999bc8Ea1b1E95a2,luckfairy.eth,20,1,19,103450.5379,290,89,201,50,1
0xDD39C8DEAeacdcddE35Bd48A469349B9346fe7Fa,ething.eth,13,1,12,36301.94222,290,37,253,7,1
0x396d0b1F18425dD8B68deaD6B1CE9b80931Bc3DD,cryptosasha.eth,14,1,13,46974.30187,289,60,229,50,1
0x25FbAcC2e86cfdD7482fA5A84815150B0ebaae54,xuming.eth,19,1,18,41976.8544,289,59,230,50,0
0xa8B7D97570c34068efAc4Ec51DeDDD4C16602ae8,mousavi1356.eth,20,0,20,63675.06124,288,78,210,50,0
0x62a43123FE71f9764f26554b3F5017627996816a,flipsidecrypto.eth,5,1,4,18354157.1,287,71,216,1,0
0x29c6E10BEeA3de477D684D3198a8eb79ea9433Da,coffeemusic.eth,20,0,20,55352.47325,287,72,215,50,0
0xb2BE6D8E872C7b08085d9DCE6AFcBd0286C75B0A,kodock.eth,20,1,19,33534.38293,287,24,263,49,2
0xF78F2bba5EA14419Ff7Cb5e68d192CD214ec049e,justmarried.eth,10,1,9,180604.5274,286,73,213,47,2
0xF78F2bba5EA14419Ff7Cb5e68d192CD214ec049e,justmarried.eth,10,1,9,180604.5274,286,73,213,47,2
0x40F404FE6C091b951576ECC7bCcE5ECd56c985f7,ursusarctos.eth,20,0,20,42295.68909,286,37,249,44,1
0x341d2d099d0ad1986CE5E549a1a15631163877D6,s1m0n.eth,20,0,20,58221.28521,285,65,220,50,0
0x7D3b6F0fae542B06a071C8d7ad7B06AB8ad7F16a,alex152.eth,18,1,17,31517.34896,282,41,241,50,1
0xa3dF90Bf8E8183A74b537B27e3955BA7D8De199c,0xmasoud.eth,20,1,19,127271.9971,279,75,204,50,0
0x1ACeA492E78dc5d2Ba007ff0a68f55dC4BB05eE9,dapppp.eth,20,1,19,60376.1816,279,24,255,27,1
0x62C7DB69210cb72fe1f8966c87131e9C0abF7Ce7,coffeefish.eth,16,0,16,42995.41695,279,59,220,50,2
0xF33364a83b6002D5070EC5FA31F5d9EB93572732,phuktep.eth,7,1,6,411310.3382,278,52,226,21,0
0xAd05B50B71D1C05e3309e9f99E633A21741b77D9,gmruby.eth,20,1,19,84215.44569,276,85,191,43,2
0x940c8B40c9c2383094804b5DEF77a7680b7878Cb,sifbb.eth,20,1,19,45899.64954,275,84,191,50,0
0x595eF74cfca44eac149740e18d6d8C80309C4E1b,xishoushou.eth,20,1,19,39365.68199,275,93,182,50,2
0x476e8C784Cb487Ba1532907556E47AB960F5D137,zspkoliver.eth,20,1,19,97452.39304,274,59,215,50,2
0xd0d3C22129c9D53C6C5F0bdA74C46E2c4fFBfF5a,bfun.eth,20,0,20,53327.72542,274,89,185,50,0
0x8C2e843664Be468522769b0d1B3B604A17962249,lolnft.eth,20,1,19,29202.54868,274,25,249,20,1
0x1122a796Fcb9d6f76926bCCC840ae858E788cd6d,godofnature.eth,20,1,19,177654.4413,272,57,215,50,0
0x2479270315a74c353580cEc39250A34E43F1Bb25,hereisamoney.eth,20,0,20,93273.32936,269,38,231,50,1
0x1C54c331ac240cbc5e8Ab94937cE42729Fc85D75,testingtime.eth,11,1,10,72086.41481,267,92,175,50,0
0x6EC03eE16bcD001A73B18331b954542368F79e45,anniwang.eth,20,0,20,51448.5896,267,39,228,50,1
0x867d3D7721bC2b3e9A6C3843C73e33eE249e60b5,NULL,14,1,13,236379.9889,265,92,173,11,2
0xc4F91CDd498A30f8ed1dEa3883Cba314a7A2a022,comeandplay.eth,20,0,20,57281.17994,265,38,227,50,1
0x9bEa8d579a72785Fd79d5356864ec002f02281A9,bitcoinhome.eth,20,0,20,38712.74341,263,86,177,50,1
0x6f9BB7e454f5B3eb2310343f0E99269dC2BB8A1d,NULL,20,0,20,334275.1765,262,21,241,50,0
0xb78942224337f0DD43AaF570baC067d431f5f059,adalin.eth,20,1,19,46708.07788,260,56,204,36,0
0x39501a8D70Bea6cd9527B9f38E3D5e9079DD8645,NULL,20,1,19,71368.53877,259,65,194,50,2
0x4c55C41Bd839B3552fb2AbecaCFdF4a5D2879Cb9,pipilu.eth,20,1,19,616692.8072,256,61,195,50,0
0xBB8B4d64f99f714954522C3BFd21B1cB1A6DE9D8,mrly8621.eth,18,1,17,26788.33774,256,86,170,50,1
0xfC3551F3b51F27CA60eFb25f45eD95d4e80E7071,0xaaa.eth,19,1,18,473572.1853,254,38,216,24,2
0x48a19Ec96B8750B22dEb049Ae9916094aA03F3C3,galax2.eth,13,1,12,30953.11537,253,91,162,19,2
0x2dc8C2eC64A5dfF670Bc4AD3aB2cA6Cf0b09a13e,NULL,17,1,16,39991.70197,252,48,204,16,0
0x0cc0fDfA2A9EdFC89087E405a4d4b6120ea686fB,NULL,20,1,19,35600.11776,252,24,228,50,1
0x0dc01a72c25763EACe7A9d0F86CB74D8476082C2,xiaomin.eth,11,1,10,84699.13622,250,82,168,50,1
0xB512f6eda8D66092C5ab1d6c5EC718970E064683,dogless.eth,20,1,19,58449.24097,250,24,226,14,1
0x2B888954421b424C5D3D9Ce9bB67c9bD47537d12,lefteris.eth,4,1,3,86854879.01,247,89,158,2,0
0x16Ed466B1202dB268d545EE2f7202b68f0FB35D3,shitdao.eth,20,0,20,114986.6079,247,57,190,50,1
0x242C7f2279A3187279fD61605004A4B477B63A78,nftpornstar.eth,20,1,19,70167.51012,246,89,157,50,1
0x0331969e189D63fBc31D771Bb04Ab44227D748D8,butterbum.eth,6,1,5,10451749.85,245,93,152,50,3
0x6FEC46201a6F132C81142ac49a001791969520b8,mey4am.eth,20,0,20,191487.3607,245,92,153,14,0
0x20628b67CE5CdDac1CB95198C0fF5271f39fc048,mehdiaghili.eth,20,0,20,56302.27972,243,68,175,50,0
0xA55aCEDb58B498fD1CA0a7287e3bF7044E592ea0,koda0011.eth,2,0,2,31657.65534,243,91,152,50,0
0xbE4Eee9ffbD539FcBFD93686b703dFe200191Cc8,mpass.eth,16,0,16,40753.54316,241,91,150,44,3
0x5E1610784f0b8c1CD1DF8170eC28a59e94cB5c0d,wujianliwu.eth,1,0,1,28753.24108,241,36,205,5,1
0x839395e20bbB182fa440d08F850E6c7A8f6F0780,griff.eth,14,1,13,31490955.77,240,70,170,2,0
0x6D6E472aeEC3F54509c6A805B8B216df2aD99c19,NULL,20,0,20,62057.95461,239,90,149,36,2
0x763c823E2bdd66538C85736B1784031Fa4d993F6,kalma.eth,10,1,9,197021.4233,238,63,175,4,0
0x6e953848958A8f436d2A88f05C83ea27dc5586FF,layer12.eth,14,1,13,124134.9109,238,74,164,50,1
0x5465a3Ec317618d749E9F8FE31bF0F0DB90f3A11,milad7.eth,20,0,20,29080.01704,238,78,160,50,0
0x7E9d8fD68C32aA950fD302faDDf04FFE39b6FE9e,NULL,20,0,20,118287.3905,237,90,147,32,3
0x2c824314e163a7D392BcCa543701050A689Adc29,ppxxqq.eth,17,1,16,37320.39098,237,90,147,34,1
0xeb4351d692619BA5d00feBefEecdC38C1a26600c,tighss.eth,20,1,19,80258.56634,236,66,170,50,1
0x4C078cB14B2D321231a90089195317968957896d,96845.eth,1,0,1,28753.24108,234,36,198,6,1
0x10A1DB5D3A971Cf1e565B28A86D5cE9E576A7b81,alinormohammadi.eth,6,1,5,117925.6832,233,78,155,50,0
0x63693A8544523d23aE490d88e88baA404C867574,diskarma.eth,20,1,19,255200.231,232,41,191,50,3
0x78EbA07D1A3F49a697940266B27928c6696e2b4a,songhao.eth,20,0,20,65294.03761,232,90,142,32,3
0x13d411C6BEddBa45FDaF25E8fCC6824BFb373185,NULL,20,0,20,61583.41701,232,89,143,31,3
0x8330A84D3C16A55302f921C36979B1067418053a,catch-22.eth,20,1,19,95717.8633,231,25,206,50,1
0xe3557E84Bd0247C09EC369D3c904E9DaB87d60a7,kafeier.eth,19,1,18,77932.55292,231,78,153,50,1
0xF057F269731f1E10f4cbEc0D5AA22A39c9F9F12E,Âè£ÊãçÂè£ÊãçÂè£Êãç.eth,20,0,20,61721.36833,231,90,141,32,3
0x994697b0D70B02dE00f18c2de604C1CDF183B1c5,cryptoply-2023.eth,15,1,14,126059.5935,230,75,155,50,0
0x427BC604caA3b82B9101b2fe687eD0c143A53f20,arsenal-fc.eth,20,0,20,76878.75012,230,89,141,50,2
0x6362Ccb1aA4467280f84509eb4Cd878ff1fb0a5d,atan1430.eth,20,1,19,48696.50844,229,74,155,50,0
0x1CC3d66A2DA4Ff929002875E381d2Aa232b7Ec03,tissco.eth,18,1,17,99862.99333,227,77,150,50,1
0x543F7CcF5166Ba9C8AfB5e768ACcF9F401155370,ibabak.eth,16,1,15,41384.24905,227,33,194,50,0
0x3E2D76633e9Eed1e468d56d361A158C843Da8820,internetmoney.eth,11,1,10,226741.636,226,82,144,38,3
0xAbe2f901cec5eb03B8ca6357F068b0BdE6ba004b,nuttela.eth,11,1,10,43398.68766,226,72,154,50,0
0xA3d0750295d85E813eB8701D6F323FdEc651518c,apppay.eth,14,1,13,113999.8817,225,65,160,50,0
0x6F8D0c0A2b28dF39cf2A4727d3eCfb60E9Ddad27,popularbrand.eth,6,1,5,67643.41065,225,87,138,37,3
0xfff0ea0Ea835F5b29e61bDAFf90012Cfbf4F5986,890718.eth,20,0,20,65000.96789,225,90,135,33,3
0xdB7F7eB6776ea3848e50bB60Be6ff17b7e893ed3,NULL,20,1,19,32894.30245,225,12,213,50,0
0x8719A15457C5107417966873d2A4b16b8478B873,heixia.eth,20,0,20,30521.18527,224,75,149,50,0
0xd06C67FB53693384Ad5eB905B43A66cf548F5687,jylfc.eth,20,1,19,76838.02449,223,45,178,50,1
0x787986E916c1a0C5EBf84f7F170d46E2018dAD55,sara51371430.eth,20,0,20,57710.87856,222,73,149,50,0
0xe2665C6b02ea68e0Cf3eF1a74B88155EF10243a0,zenodotus.eth,15,1,14,82104.46413,221,75,146,50,0
0x8EBC08C08b79c7EE7de645fde878D0DBcDBF93aE,jianliwu.eth,0,0,0,37753.24108,221,36,185,3,1
0xD942010f8808996A682502Df5D5b2Af7FCBc7318,unftswap.eth,16,1,15,27204.0924,218,37,181,12,1
0x7e2d0D1C12CB1Be7440386fd49d3CeA6C744FDd6,amzimod.eth,20,1,19,202530.2745,217,38,179,35,0
0x2bcf59E816178dfdBF66D7CfC37D32687f104ae4,xiaozhen.eth,14,1,13,36640.77538,216,53,163,50,4
0x6bD141A70c694f3626213E44Ba8705c158166aE9,foad71.eth,12,1,11,33087.2637,214,71,143,50,0
0x368d54bB116dCa5D3a7f6892fdB18e06B23a13BC,911110.eth,10,1,9,28174.82872,213,78,135,50,1
0x6D526f6b4C86FBdc8e359e6bef4Cd6a42aceA2d7,amantay-a.eth,8,1,7,254703.4902,212,36,176,37,0
0xFBDF556EDeD78C467f58Be91d6d56F6eaFb16DC1,standpoint.eth,20,0,20,31042.97291,210,88,122,50,1
0x8c580556Fdb1f57853e49F409Ae9b89f7658e7A2,web3magnetic.eth,8,1,7,4364108.593,208,88,120,22,2
0xc2EA013e73E30BAd228774412fb611b5f481e378,thoo2.eth,0,0,0,36713.51242,208,90,118,18,1
0x66C97dC031bB2f6aD421CeF7b01De0CA2AE4fe64,conkerbro.eth,18,1,17,98180.73805,207,21,186,50,0
0x5BfCD9Fe67A606A6B6756DB3db647ea166E91AA0,tarrenmill.eth,7,1,6,69698.51114,206,92,114,27,0
0xF81D02a2797AfD51C71225B07076f87b29bCa025,huacaizi.eth,16,1,15,124875.1523,205,82,123,50,1
0xf66313c8cE5fF2b4712001952674530960f9632A,ethecosystem.eth,6,1,5,69118.66184,205,93,112,23,0
0x5A72BfaF8dD5b251bd008fDC0b4656319Ac0509b,NULL,17,1,16,143125.6548,204,37,167,41,3
0x8C702A9a6e0cd14a53251C630743c4F5327eddE8,calman.eth,20,1,19,53633.98823,203,38,165,50,0
0xf3C083bb6Fab2F22949e69e5470c34D6117Eb044,0xshuai.eth,17,1,16,29668.35287,202,90,112,48,1
0x2D879E33a11Aa5F880b68Bd9A97F36085472013D,louxu.eth,15,1,14,87833.21321,201,30,171,40,1
0xe7EddaA6bd37849a8A39CD963b1da137032C9146,bitnews.eth,18,1,17,55053.59453,201,51,150,50,0
0xF83abc519E046c5391d219fabF1A3C87dd5924D3,t0rich.eth,9,1,8,37901.4803,201,58,143,50,0
0x296FC93476822F91f8360d933267E8b9AA1c3D62,0xkiln.eth,19,1,18,105763.6695,199,74,125,50,1
0xe2aC0fc8d6E1041BdDd90BD1C2156785bb5dcf4D,232410.eth,13,1,12,80981.53246,199,74,125,50,1
0xE8a7372C13FDeAa369cB2b6B7470A6D630686F3C,sabrina07.eth,20,1,19,263973.1709,198,48,150,50,0
0x605dc1310d888Af6b4c5dDD0c42e63aF317966F6,NULL,20,1,19,131538.3279,196,49,147,50,1
0xdf823F05Ec88a26d4a200EE519a1C66b631c4877,xdude.eth,14,1,13,40518.51504,196,47,149,19,2
0xEf228c1955efA79fb8F940196263427cc6ab6285,derakhshan.eth,20,1,19,292491.4544,195,68,127,50,0
0x7fB29902309e4D25f95AB7dC280ae2D46212f9B6,samanlight.eth,20,0,20,135813.2707,195,69,126,50,1
0x7fB29902309e4D25f95AB7dC280ae2D46212f9B6,samanlight.eth,20,0,20,135813.2707,195,69,126,50,1
0x53b015573630d248a32b11b21E5443EFb92D9CFB,philipp1.eth,20,0,20,30409.84241,195,3,192,50,0
0x191Bed220e2cBF7F42E917e0ED370d9880E640df,NULL,18,1,17,103914.4254,194,49,145,50,1
0x191Bed220e2cBF7F42E917e0ED370d9880E640df,NULL,18,1,17,103914.4254,194,49,145,50,1
0x2a068F207215241f406d01c5B0F767eAd62f28F1,amiirii.eth,20,1,19,28769.47645,193,74,119,50,0
0x2Dd9C09A1B2fA93F2e1C47A9275A63E8733D8753,wbing.eth,14,1,13,37286.14528,192,86,106,42,3
0xDd1643978660870C354C33e6ac5aDBb9eb7005d4,mechile.eth,17,1,16,28616.88867,192,27,165,44,2
0x42aDD773B02585dbAF024Db751d8944618aDa20A,jouhatsu.eth,0,0,0,295192.5484,190,34,156,10,0
0xe29B7fB40150ea4B7cbC2f22e3ACFA67A8da021a,alpas.eth,7,1,6,255449.3496,190,77,113,50,0
0xF01B0ddebd3C22125ac691489A856d7e562bA534,unknownfund.eth,20,1,19,214046.7413,190,49,141,3,0
0x826Ff512767dEBdDB34830AA71EAEc312FECBaDd,akhavan.eth,20,0,20,53608.51725,190,39,151,50,0
0x826Ff512767dEBdDB34830AA71EAEc312FECBaDd,akhavan.eth,20,0,20,53608.51725,190,39,151,50,0
0xFaCc5d45cF8ba8d12685858a67C42312C2ec3F2F,yezixs.eth,20,1,19,29761.16864,190,84,106,50,1
0x760101382e09c357794D90482eE5c4429Fc54641,wujuanliwu.eth,0,0,0,28753.24108,190,36,154,7,2
0x0FFa84C59169853F698B3d5BC98AAfB9a0CBC0E9,NULL,13,1,12,223223.4153,189,49,140,50,1
0xBa6044F3b43106DdD7167D9904A4381DAAA1d8dB,thethere.eth,20,0,20,47349.26263,189,73,116,50,1
0x046c5c8EBC7135BD8Dca212332E56a6e7CBBA6b6,petroleumengineer.eth,15,1,14,61005.0074,188,78,110,50,1
0x043073591B24a7BDD7270E4226060EFef5B955c7,NULL,20,1,19,74105.69319,184,71,113,25,1
0x4d04a3Bfd8D9EEC765412CB03a3020215ea58156,loveandatra.eth,20,1,19,75842.07392,183,55,128,20,0
0x27259b0F4209e76f8C6Cf27106C9FF83BdC2E831,NULL,14,1,13,27984.29352,182,36,146,38,2
0x30234cE3d45577D3Bf39bE678fFB42AFb2f36ec8,NULL,5,1,4,38886.32824,181,72,109,12,1
0x572b4dE5Be467f6E7210F77940d462b9b8ef3eA5,jeroen.eth,18,1,17,45307.92993,180,5,175,24,0
0x887028E3aA15FE3dCAf0412ffFCB3dC921c93611,NULL,9,1,8,44554.44043,179,85,94,17,1
0x4B40F8fFe23BaC2035978a79077068DfA08c591f,b3happy.eth,20,1,19,48898.76352,178,53,125,40,2
0x711d5f5eBD6AdC28BD87f0256d9C154A6218c12f,NULL,0,0,0,55338.96615,177,45,132,2,0
0x6c8ade549C4295352b98bc5bA63B179568e33f0f,lusongsong.eth,20,1,19,53614.1718,177,45,132,22,0
0x9340494e3e86694fA8e387f6a12fdFc993Dce58F,NULL,0,0,0,54961.57357,176,44,132,3,0
0x862D5986d681dDf6F722C0f14D50231cC9B6395e,NULL,12,1,11,39819.68403,176,34,142,37,3
0x191Ac84067DB87283a1864e1C606e9d51c32f511,tshwangq.eth,20,0,20,31797.74163,176,83,93,50,0
0x0EE4e42b1096530f80A589CB13461930704517d0,migugat.eth,20,0,20,160432.6146,175,88,87,50,1
0x38A48B784dbE0a5a784f971eDA83a9550DdF8300,happywatermelon.eth,19,1,18,73713.17417,175,61,114,50,0
0x3e92d661Bd5063f7Df955d68E123b96D069069e9,NULL,11,1,10,69131.59382,175,87,88,36,1
0x3c8aF873cCf3379491750835130D1d81bEEcc9c3,xbing.eth,12,1,11,32898.42817,175,74,101,50,0
0x27De0fA057415F722365E64a7005d80cb2f3bE1f,NULL,0,0,0,54897.76229,174,43,131,3,0
0xD952f25A26404E6C1d3E320C7116fc444296a2e7,NULL,13,1,12,40970.27166,174,56,118,49,4
0xC53104EfC160292eB9f4Dc52c1A58d3ED54f9faf,myegg.eth,20,1,19,34281.52607,174,13,161,17,1
0xc73BDcE2169b916CE599486D6C26a32f52FCE512,xandre.eth,7,1,6,74516.78282,173,54,119,25,1
0xc73BDcE2169b916CE599486D6C26a32f52FCE512,xandre.eth,7,1,6,74516.78282,173,54,119,25,1
0xce1e3BEfEE573A29816893468540cdd2AC0C4D34,520025.eth,12,1,11,31958.84309,172,76,96,40,3
0x9C2Fd95e1B8BD9BE5612700B0b29C893FEa417E1,fivezero.eth,16,1,15,28442.3553,172,25,147,50,3
0x6c2E8ed3fdD38eAA1048BC42F817bE18d804c07c,pi123.eth,3,0,3,50302.95716,171,60,111,50,0
0xfe253Ac7e42900D1ae4195a1147F2dB5CEAbB0BB,hualala.eth,20,1,19,39807.36881,170,40,130,50,0
0x17Fe4ED21e35B5ad800179b0c20447cA3F5280Db,11223.eth,20,1,19,79075.62513,169,59,110,50,2
0x540c44FF7B71F2487Cd11aaF53aeC1a85BFE8f7a,illpo.eth,11,1,10,222258.7192,168,45,123,27,2
0x0F7f692BCEb3255E344647aA0088ABf08Fd5F311,NULL,11,1,10,47073.78873,168,88,80,24,0
0x0a771437eE59Dcd30429ddA71a1A011db8957BD1,sunyuchentron.eth,3,0,3,29002.31746,168,60,108,32,1
0x7D4E5ee8ab737aB69ba56Bb329E456C715af6786,NULL,0,0,0,55653.33065,167,44,123,3,0
0xf88EaDe6A90e32C869BD12Bcc0071Dc42aB77529,yankeetsao.eth,16,1,15,26161.4593,165,93,72,50,3
0x9f3e6825D3677F0228153f01dA1DA9f9a856d688,softlyfear.eth,20,0,20,64412.23137,164,24,140,50,0
0x36225a2aDEb2cb02d2798Cd79f9C767bB84F676A,NULL,8,1,7,50134.1231,164,89,75,36,1
0x4Df0Df2d3780A192E4EE87cce6156c562904e940,NULL,9,1,8,40119.04718,164,89,75,50,1
0xAa1Ad4784c1f3099447d85E97aa551614bcf601C,pikpika.eth,12,1,11,155843.2745,162,92,70,50,2
0xfefbA63bCbaAa60056Bd095e75c25918f7D7e4cd,seyyyed.eth,20,0,20,91061.10661,162,78,84,50,0
0x4e41f1CB8C7a999141f6888ee923C572f4861713,lovelulu.eth,10,1,9,26398.21862,162,88,74,41,2
0x97D57D5Cf77AE7e0ed0355211B5332f4fe7B1347,NULL,8,1,7,50292.78598,161,89,72,36,1
0x8E552c2370A95d3944b98feCc32B0Ba9C0D34362,NULL,8,1,7,48373.58759,161,86,75,41,1
0x8dD4AbFc90031237B8a0736d7485f0C4b4601872,NULL,5,0,5,168280.1087,160,68,92,42,2
0xB4426CCB57E9faDa3463e244eda4f8Dae3A66802,mihanblockchain.etherbase.eth,20,1,19,62866.28091,160,61,99,38,2
0xf84708990Db367160847dEb9b21Eb886Db456dc9,NULL,9,1,8,49975.02094,160,89,71,37,1
0x5e349eca2dc61aBCd9dD99Ce94d04136151a09Ee,lindajxie.eth,0,0,0,236693243.9,159,92,67,1,0
0x6B190ca03fF9cb582Fc80d0fa76069d8768b8B99,mermaid1.eth,16,1,15,197932.3954,159,41,118,50,0
0x2022961ef4f5085D978128C054E675bEcBbdf738,azari0x.eth,17,1,16,66722.11172,159,41,118,50,0
0x29ccC63EdE1a0ad108Be56ECE9aD76BC3d0d64cB,eazzy.eth,20,0,20,28450.92661,159,56,103,50,1
0xf935861a8b8cc6867Eeb463D97b501c69D177092,mistdao.eth,12,1,11,141922.8461,158,75,83,50,1
0x0E7462dB19d0b95ADCB5c847DAcB110c7b182d50,NULL,15,1,14,70678.99366,157,51,106,31,2
0x3112e55CA508966051ce43676A33d67a41771616,NULL,4,0,4,50437.18919,157,60,97,50,0
0x188C30E9A6527F5F0c3f7fe59B72ac7253C62F28,cryptoetc.eth,15,1,14,166945.6346,156,23,133,50,0
0x336F556C2d208a2A48929872540DB72C124eD64e,NULL,11,1,10,46111.44414,156,60,96,50,0
0x76918841298C0EecF0Fe9409CDAD3000320666ED,alpha1.eth,9,1,8,372441.2235,155,68,87,50,2
0x09a60649F4d29Abf919dc130E7D517352f988087,jmarx.eth,12,1,11,90928.94106,155,71,84,35,0
0x8603b5dF388Eb0a1790a70cF0CfbaD166665cDB2,15204862150.eth,20,1,19,53489.38127,155,83,72,50,0
0xAdAB4df3d8Fb2927F59487C2Fd90df17A3aE20cE,sukebangames.eth,15,1,14,96002.38212,154,47,107,50,0
0xFb76A3e467d8BF5f7a889971C80dD90493Ba67f4,NULL,9,1,8,50500.3905,153,89,64,34,1
0xB110BD3F66f7692577E74F57adcaE2576eAD6702,a3roger.eth,6,1,5,47908.99637,153,36,117,20,0
0xdb21b58c882b08Ef367D2336AeD9E234A9Fb9b20,mahd78.eth,17,1,16,30820.13939,153,58,95,50,0
0x48A63097E1Ac123b1f5A8bbfFafA4afa8192FaB0,ceresstation.eth,10,1,9,63577593.02,152,72,80,3,0
0x64aC697f84BcDDFaCAB514F07DD147C6958a7915,h4mid.eth,11,1,10,318038.6779,151,93,58,50,1
0xffBFaD323308e04aA1c9DdC48a2f84121Ad223d4,NULL,9,1,8,50482.95504,151,88,63,35,1
0x8EA6B66e0Cc397E645e44378Dc6595C73326fcF5,NULL,20,0,20,26633.22538,151,36,115,45,3
0x265C328BF0Cad7F6FCddD375A4c02754963E3a2e,hujiawei.eth,16,1,15,2170221.498,150,90,60,50,0
0x0017f7aDF1B404298efA3015cA0b56961fEa4c34,farzink.eth,18,1,17,45269.1284,150,53,97,36,1
0x025376E7e7f161A198fb5fc90a220A553836d11A,kumosoukai.eth,7,1,6,674870.6902,149,71,78,34,2
0x7c7FB6846e7633342eeEf5bD236b54dD511dAc30,berlintor.eth,7,0,7,49306.74507,149,48,101,43,2
0x2Ab4e42c2190C05b3dccD9B039dAf8743217392a,wrappedmoon.eth,10,1,9,124510.0772,148,77,71,49,2
0x6058f8E21D7D736b574e80c2B57e73fDf360bae0,feredi9.eth,20,0,20,101358.3648,148,87,61,50,0
0x6058f8E21D7D736b574e80c2B57e73fDf360bae0,feredi9.eth,20,0,20,101358.3648,148,87,61,50,0
0x4a0145968Cc2657Fe252F14FBc1f32B89aFA0254,NULL,11,1,10,67977.43619,148,88,60,50,0
0xfCb5A922877683128cc8B52CD7883CAb12D21229,garamtomasala.eth,7,1,6,64829.55303,148,21,127,50,2
0x918991dAe297d530c45829DB90B0475EB8B8674A,payoro.eth,20,1,19,44780.1285,148,67,81,50,0
0xC51cD7160045eCc2370aCA4accdD4604F09EC87C,hossa2025.eth,18,1,17,42375.70918,148,55,93,50,2
0xA50fbfbDB99262Ad4c1E12B607Ad379952D5BF75,hefeifan119.eth,15,1,14,27609.61001,148,65,83,48,2
0xDaD1F1932B0FD288146BA9C21cfF203E446D2228,NULL,6,1,5,51117.12508,147,90,57,15,0
0xDaD1F1932B0FD288146BA9C21cfF203E446D2228,NULL,6,1,5,51117.12508,147,90,57,15,0
0xF4B0556B9B6F53E00A1FDD2b0478Ce841991D8fA,olimpio.eth,9,1,8,32903428.76,146,92,54,8,0
0xfF47692E1b8903968677eb1dc5AE961CFaD4A490,raha99.eth,20,0,20,153582.2944,146,70,76,48,1
0xD2d35F43eD710Ba948A3CC506442828e4bBa4787,NULL,14,1,13,59359.79463,146,58,88,10,0
0x7F61c86B23212C709dBff02A5cC35557eF5f4D72,NULL,7,1,6,51010.7278,146,87,59,35,1
0x0F81377675987dD50e019770Ec88eAeba937901B,NULL,9,1,8,48590.06961,146,86,60,33,1
0xF4c5c637417116E8Ad1A0f5A9E8BE1acBe5d64AF,chenyunfei.eth,20,1,19,66764.62833,145,24,121,50,0
0xCfe8814d775701eEF4FDcAd0165f339f1B48b015,NULL,16,1,15,61286.19681,145,60,85,35,0
0x9263a8E75D899E27D47B413853Fa0dB3eA345e05,NULL,14,1,13,87703.5994,144,44,100,50,2
0xa7a4fCFd487e107613a1347EDF3B93fC9d872027,NULL,7,1,6,51101.32336,144,87,57,34,1
0xe5FF92782BC1daEBCe2fD596CAdbb5987989a452,NULL,11,1,10,41419.38621,144,67,77,23,0
0xE9f89D3ddeD8c92eF9402E1A2608590d1c041239,ab100.eth,20,1,19,35306.56523,144,67,77,50,1
0x389C41AB9A7Fb52Bc1e575A0C6B81405B06973c7,NULL,13,1,12,33281.15167,144,88,56,24,0
0x1653fF6cd12628AE47fcED55F65082FE4390e605,stranglethorn.eth,6,1,5,202081.018,143,92,51,26,1
0x4D9618239044A2aB2581f0Cc954D28873AFA4D7B,dogss.eth,15,1,14,51028.42388,143,40,103,33,1
0x4752336751Fa80b39A780d386cEC77167467C915,wfxl8768.eth,20,0,20,27236.54418,143,81,62,13,1
0xf9551c66995eD3Ff9bb05C9Fd7ff148Bd75dc99a,nathanvdh.eth,11,1,10,11400089.35,142,77,65,8,0
0xD66164C4B658f3704b5cAA67b33f07F3842EE063,universalvalue.eth,8,1,7,676575.9539,142,88,54,46,4
0x59318ae01cF8e546BF880D4cf222020e70c0912D,NULL,9,1,8,46033.29756,142,80,62,34,1
0xD01A2311cA001241502394d25Bc08b0aD8Cd2229,fomosapien.eth,20,1,19,33267.01573,142,19,123,2,0
0xbE93d14C5dEFb8F41aF8FB092F58e3C71C712b85,elderorb.eth,20,1,19,496066.2385,141,40,101,50,0
0x356E9342b2FAde6003AE70fE28Ef8D28475e06b0,NULL,9,1,8,51973.57205,141,90,51,33,1
0xf4fb4C77ed823F135E6Fd31b0Cf09ec770e27F12,chdonger.eth,16,1,15,79275.47488,140,77,63,50,0
0x5c6373DF7c89cAB910b5aFd702c1C8F01fFB4f46,amirbm.eth,20,1,19,43814.39889,140,66,74,50,1
0x6fec6cB90D4bc025D5249F299d640D66FCbfb6eb,ap0ll0517.eth,9,1,8,197460.8081,139,21,118,1,0
0x37E2bBC7b95810B064d80e02Ad3421e30f428EF6,NULL,14,1,13,131012.2102,139,39,100,42,3
0xf47F60Cb5426f63a8dD3786387742c2c49Ad96E3,btcet.eth,15,1,14,54165.24758,139,81,58,31,1
0x579122fEe6CEbD8a8B36c2108aC64F744BeF2051,zypsycom.eth,10,1,9,33767.79165,139,75,64,50,2
0xeAbd9Ab3EbE4056bD148AD06B5273f2F141eFA6c,NULL,8,1,7,52946.92357,138,78,60,42,2
0x36Aa31Ef7aA47e02d849378208c74A6369f16660,NULL,9,1,8,51599.60958,138,87,51,35,1
0xAEd5bD19D38b1C98bab37FCFaC4B69F17eba7563,huangjx.eth,15,1,14,30566.13529,138,43,95,50,1
0x58Bec1462E6Fc1B3D25F3A5ced150e40aaa72EC5,loveyou1314.eth,20,1,19,54503.72357,137,82,55,50,1
0xcA82421b268F06F2cFa9333e723336949e7b8FB9,nolanno1.eth,8,1,7,33969.39936,137,50,87,31,0
0xC9e05c9Ca8c8584Cc5e1c7b29742787362869773,df2021.eth,13,1,12,33079.80484,137,62,75,42,1
0xe71c9FC7F58BaA5501f8F64C0b7B8FB11b7bdCd9,NULL,11,1,10,32295.60607,137,86,51,20,0
0x3E86eAC93A2dbB4faEB8709d77d451aeDA710eF9,metafox.eth,18,1,17,26165.47405,137,3,134,21,1
0xA2A8FF2AC4f5045aF0cdAB6F8A37Bc0072b13Fa5,patient0zero.eth,16,1,15,190415.9873,136,84,52,50,1
0x9E5488452BD4f5a28A43b39B9b7E0Ba59aedBDFe,piscan.eth,20,1,19,109190.539,135,89,46,50,1
0xd26a0a35321C6793E47eB602F1676C915caF111c,aicyq.eth,20,1,19,137285.9145,133,51,82,50,2
0xB5837c5D23160510f0f2e9A8fe08ff3f5c8CB036,NULL,9,1,8,50492.33136,133,89,44,32,1
0x488bc9BC9e1873b95859CB7B85B5E4ab699D40e8,NULL,3,1,2,39862.87919,133,74,59,33,1
0x65f853B6624e8Ef6be6F4b2490A5d62fD711E43D,hashflowtoken.eth,9,1,8,140962.3375,132,76,56,36,1
0x162AD50b8fedAa690F70642fB697B05Fc4e6328f,hbkurt.eth,9,1,8,85513.92377,132,60,72,50,1
0x01F761805C90Bc8abFAf504075AfDB87e1e5DC08,thunderbluff.eth,7,1,6,73122.87547,131,92,39,23,1
0x171C8bE8b92674F7d7B0593ACA4619a25a40b6F0,kruse888.eth,17,1,16,56852.07577,131,40,91,49,2
0xb1237f83971B520c9502e9Fa59C3a6b642Cb04dB,niceaccount.eth,19,1,18,40245.9548,131,44,87,39,1
0xe719529Be204D3c1243952Fb5722E0cFaA0B2Be5,desolace.eth,6,1,5,228141.7631,130,92,38,21,0
0x9A4fD7EFD60C37B7D7e61de3F9E642Ed584DF4bF,aiyuan.eth,6,1,5,177346.2102,130,92,38,25,2
0x134A1fC52c13eB57Da610595509aAb389140Fdd9,NULL,9,1,8,136161.8606,130,60,70,44,2
0xFbE4b8A45b43C314a3bf28FD6848D4698FFE2A85,fatemehghasemi.eth,11,1,10,43619.21275,130,88,42,50,0
0x9C7eFD9D6A1e2f8D952FdF874883Cfb1c53683A9,NULL,6,1,5,41632.47053,130,89,41,37,1
0xe9aa9e67d2d640A738d3d6Aec8d3f73C3a55a338,NULL,3,1,2,40149.2848,129,68,61,37,1
0xCd09c60a826b735265d6B9BeA068097324A39943,maryy.eth,20,1,19,26651.01973,129,59,70,50,0
0xB36504f950615e543919FE4A5a2A7A2719cA80Bb,darkshore.eth,6,1,5,212158.1504,128,92,36,28,0
0x57E51559Ea428787b884EF33A6780FA8478d4E58,mega-rich.eth,8,1,7,180870.388,128,87,41,32,2
0x7552bCD1d045eABCB304d34f0574A9e3c7C8F9f1,tin√∫viel.eth,7,1,6,49511.44486,128,92,36,26,0
0x391985Fdf0F28De092027D52763621221684caDf,871121.eth,20,1,19,31214.00588,128,31,97,50,0
0x53EBe91da07D4a2894561d4f6c451A25207A38Fa,zhaogev5.eth,13,1,12,44577.53768,127,43,84,50,0
0xFd87C20C06F49b193e742600E2589A1C6A6E6aC1,NULL,3,1,2,40525.60132,127,69,58,33,1
0x125C459dF3e8454b3c90462f5078c34182bd1312,krystianinho.eth,9,1,8,30985.41796,127,75,52,50,0
0xE5b1918D99f9B5b63817F6C9A7afdA744eF1F647,2559.eth,19,1,18,67581.93609,126,75,51,50,0
0x4b0Ca656e3042cac1Ad9929AAA9B0B46f8F58f36,mohammad66.eth,8,1,7,27245.25858,126,82,44,50,0
0xF814a8e1607Aa1d1a33F42a4c9B3b67eAdCE45bD,kiphos.eth,16,1,15,27190.35767,126,35,91,4,1
0xed11e5eA95a5A3440fbAadc4CC404C56D0a5bb04,she256.eth,1,0,1,13125272.3,125,76,49,0,0
0x5aE60432076d1885AA082546CAe5d0E4cF0E9b1B,0x73l.eth,5,1,4,248773.9759,125,90,35,50,2
0x6C19180A32B4e13b1AA55CA963Bd6fb195AD2e90,superbud.eth,12,1,11,55172.41062,125,71,54,50,0
0xA58d091B9A59096d4504cECBa04F071982F55a9F,obsoletefunds.eth,4,1,3,93178.1979,123,84,39,8,3
0x8456FD2d8d4a5cBd9ee3Cf8E10802cBB75DF7A03,NULL,8,1,7,42765.98763,123,83,40,34,1
0x9F3dAC6cD3E0700495887c5677eeA370C363E4ff,NULL,3,1,2,39047.11312,123,64,59,37,1
0x4c08c13F883E90F2BDb003c4650511493e6Fa0FD,NULL,3,1,2,113868.5282,122,92,30,25,2
0xea86bc36b6738d9A1861bFeA27F2bdcF35950134,00928.eth,1,0,1,78224.44237,122,69,53,30,1
0x20dD1B41545fe1b42f55931d1F69CE04034287a2,NULL,3,1,2,39421.8511,122,92,30,22,2
0xF68D2BfCecd7895BBa05a7451Dd09A1749026454,mastermojo.eth,15,1,14,61348.17312,121,39,82,50,2
0xf310413c9497FdDD596BC07B76ABEdFfD93e5cF0,NULL,15,1,14,56545.43485,121,74,47,24,0
0x708C7828A525379799911267F4Ca212047AdEB71,liuhaibo.eth,8,1,7,39207.05322,121,60,61,28,1
0x46b2e0e5Bc105423C0aB96085280D57Ed88ec655,zahhra.eth,13,1,12,37620.71048,121,70,51,50,1
0x1E4Cfc9d97D49caB02a9cd42d87C873Bb304EB05,0x52777.eth,14,1,13,27884.55647,121,59,62,39,0
0x28872bA19147c04b40C0769B170a40faA52Ab26c,coslight.eth,6,1,5,67702.02682,120,87,33,50,2
0x84f918BA377cbd0385B4Ef28F6b2b6d7E9B54a4B,dustinmaree.eth,15,1,14,550337.4298,119,27,92,29,1
0x8f2ffa4Fe0a0cE367D9039E0e5d09fC3e76bAf95,jiiggy.eth,9,1,8,95731.76518,119,92,27,50,3
0xe655016b2183deE463197f0C176eafE14BbFC304,kelizhdak.eth,17,1,16,153879.9152,118,58,60,50,0
0xEa173f401253436102DA7a77548fc99322bd76B8,rezar.eth,20,1,19,120447.134,118,48,70,50,0
0xe996C9AB0967735cdf31718DfbeE36f9eD724A2d,NULL,7,1,6,28309.90305,118,83,35,5,0
0x8101DD7BA5823B57E3e82cBEa1bF64371BA4cD2A,NULL,6,1,5,26678.24099,118,85,33,21,2
0x1ac1a90b1dCD33f7979be3aFa9DcD3B70b8A76A0,01001.eth,20,1,19,88346.98693,117,33,84,48,0
0xaE6C625be6308DBF2cF870b290f9CF497e1068CC,NULL,5,1,4,51041.58482,117,90,27,35,1
0x78b155D7bc284A887F09E028A360a36cC4C4d4C8,alertcat.eth,7,1,6,118794.1716,115,60,55,50,0
0x4040CDcdFa5543d8441c13CD8e0cB4A85277F34B,NULL,17,1,16,28772.55037,115,37,78,41,3
0xd23199F1222C418ffC74c385171330B21B16e452,sugma.eth,20,1,19,24349002.62,114,92,22,21,0
0xb9d3CeFE5AE4b1279C0fC7BC4a8f1dB8e4726dac,0xycj.eth,8,1,7,87312.47203,114,54,60,12,1
0x687d395b5908c636B821221201334e8CF29863BF,dabingaccount.eth,20,1,19,27662.73048,114,45,69,21,1
0x1de2A056508E0D0dd88A88f1f5cdf9cfa510795c,hailvitalik.eth,20,1,19,11546871.7,113,91,22,50,2
0x8c6463594D7A4c2e8fe8C8E38964B6837a9D0415,sportsmeet.eth,8,1,7,81710.79269,113,59,54,50,1
0x84ad027C066B0F5Cb7e2d61cF1e1C6B616Df1bd2,profilo.eth,14,1,13,79952.72008,113,73,40,50,3
0xD979232dcE7c07fD96DCfE4547409C05e1D8Fc01,NULL,16,1,15,56894.99698,113,75,38,19,0
0xEf191aeb45A0d6f393D4a592f94152836d5758f8,mooncake.eth,13,1,12,40594.83026,113,26,87,42,1
0x266B0faD82DAeAFBcFDF95B3c71B8c43dc5C3039,bernoluti.eth,19,1,18,33056.98813,113,45,68,50,3
0xF2186FC0a8Af528FbB51a59f33624d411f2A1011,xplovemy.eth,12,1,11,101595.2677,111,46,65,29,1
0xF2186FC0a8Af528FbB51a59f33624d411f2A1011,xplovemy.eth,12,1,11,101595.2677,111,46,65,29,1
0x5971818FfFBCCd9cfadBC5f95D130f73F5372E2a,daiguren.eth,10,1,9,72042.02064,111,34,77,0,0
0x767A60F295AEDd958932088F9Cd6a4951D8739b6,mozuku.eth,20,1,19,31581.3059,111,44,67,50,0
0x3f6364f662B0127a3430bb9a9Fc16B602Da9a188,NULL,0,0,0,282221.9806,110,82,28,40,1
0x8036c27Fab2691804B28b9F47239E64c15E249bf,vencn.eth,15,0,15,74988.18003,110,41,69,50,1
0x658E0F8A4644719944655b59201bc0C77af9c002,legendfan.eth,6,1,5,52886.85611,110,64,46,22,1
0xA20e091B79c94EE98075676Fb9A821A8C0C5E3CE,NULL,5,1,4,31559.8506,110,86,24,15,0
0x33ce1310E0E95bDb74fe3bA755231B0fe1849105,boembarie.eth,7,1,6,104111.546,109,39,70,14,2
0x33ce1310E0E95bDb74fe3bA755231B0fe1849105,boembarie.eth,7,1,6,104111.546,109,39,70,14,2
0x8bcBB2743467773C65efF63ba77d2cAce3c8691B,gooddad.eth,14,1,13,74271.47616,109,32,77,19,0
0x13C0064e70AdC67C578D1533ffbd00b8655a812e,spdrt.eth,3,1,2,41954.26724,109,40,69,19,1
0x31953656289958C50CeB674C4962F40AAaF2C8e4,shopdao.eth,17,1,16,33820.49614,109,48,61,50,0
0x3a79595dcdA4727b4685F79E2F178BdC02848050,NULL,5,1,4,26139.95147,109,50,59,3,0
0xc4dFc3fB41537D2bde497BA14A65cD7e18ABeDD0,unione.eth,14,1,13,98241.79101,108,28,80,36,1
0x47b982b6fBD7cD7F6Ec19A2F2daD47e38097C3f0,elisey.eth,20,1,19,27653.23001,108,6,102,18,0
0x73b13c395A0aCC4979b6492f89E2C279EC9433b8,NULL,14,1,13,55823.00529,107,78,29,25,1
0x73b13c395A0aCC4979b6492f89E2C279EC9433b8,NULL,14,1,13,55823.00529,107,78,29,25,1
0x03cEB1151aC63705Fc6CCf835400501e747aA306,NULL,9,1,8,35429.0394,107,26,81,50,1
0x23f198b0C23CF1bCce7b38a1Fde27ae76541C500,t-sanjuro.eth,6,1,5,31192.59149,107,23,84,41,3
0x18F8B654187f80E1738bcAb04230861a498A4Db8,ethforever2022.eth,17,1,16,27207.43547,107,51,56,32,1
0xFdB634527b50DA38dDDd673059a25667BAb7cd62,NULL,11,1,10,26841.68322,107,60,47,39,1
0x46abFE1C972fCa43766d6aD70E1c1Df72F4Bb4d1,snxambassador.eth,0,0,0,6198060.53,106,5,101,0,0
0x8eD16e19F2aE9142AbF9221c08A384A568dFc710,stihac.eth,7,1,6,44119.14432,106,81,25,50,1
0x1DA808509d5C021D75384699E14ab14B68E2FCBb,66818.eth,20,1,19,29333.68733,106,28,78,26,1
0xB33153402005A4b085C2Fb5c1a50ED5AaD7039C4,NULL,6,1,5,28318.72578,106,85,21,20,2
0xF3602E9C97251D8c0df4088d7ee2ff0d6E0Aa58E,masterxiao.eth,6,1,5,26464.37688,106,75,31,13,2
0x88620b600aFF43F796E7e1ED1335286c29eB37A6,NULL,2,1,1,311748.2129,105,35,70,3,0
0x432E04a7161Ec22c7cAE102E89e356170fC05268,areint.eth,13,1,12,69973.11848,105,87,18,21,2
0x279630304EcA93C692E0F26870Def510439A0C5B,digouzi.eth,20,1,19,55591.38061,105,53,52,50,0
0xF313ddb7cbD761657f7582545a417dccD7566a57,NULL,6,1,5,66544.34037,104,89,15,22,2
0x0D706f2B03D007D7205d897A537f9D09Ba78c0c8,911120.eth,9,1,8,33417.5278,104,88,16,46,2
0xF71E27121Ff02519169dC00Ef1832c3BAbA90049,NULL,3,1,2,27345.19593,104,89,15,16,0
0x7899d9b1181cbB427b0b1BE0684C096C260F7474,minimalgravitas.eth,2,1,1,14976691.55,103,90,13,4,0
0xbE8E817e0bc4fE3Bcda2491C6440F0e2d882b0Fe,NULL,20,1,19,50567.68491,103,73,30,40,3
0x07E3FD33a63a8d1EEBc7D18a33d1327f5394a1cb,sanrenxing.eth,10,1,9,27531.2422,103,29,74,50,0
0x44376B6EfA09f420846D36eFcF6470d527E91256,mamadrobusta.eth,18,1,17,57796.98845,102,46,56,50,1
0xC091BBEacE46D402ffc216D6b80a263638D630F8,chesse.eth,6,1,5,52360.39439,102,57,45,42,0
0x7a0f28264E889142311Cb6A517aC5C2294c7D673,aimyon.eth,20,1,19,42921.33126,102,30,72,50,0
0x9feDB4D801A82b9B5F2D0E7dd0F3a1c88B3a6A23,55558.eth,5,1,4,45736.13417,101,53,48,36,4
0xcBb82d22b1624761b62BD807b01B7d491dA8b4F5,jayyi13.eth,15,1,14,33050.89252,101,22,79,50,2
0x07d124906e7A2a5d86ad66c1280bB4160C8015Ae,NULL,8,1,7,31056.38137,101,45,56,27,1
0xb07Abd7eBB87B58B687A42AAfa0209b4DF6aE049,NULL,16,1,15,106552.2304,100,56,44,30,1
0xd1B69961DF7b513194ba0180FD6A664ed07E4743,deinfo.eth,20,1,19,30412.33309,100,29,71,15,1
0xA0f055cd4FEAc4E3231cFC21a2F5A7A9D67B6Fa8,whyfud.eth,12,1,11,239998.0089,99,50,49,37,0
0x36E25318479075556C43B3D74F6C264DbF20b727,NULL,2,1,1,69918.06259,99,90,9,15,0
0xE073715ab98fB49F700fBDbA0FC53C61E9DEA028,sssssss.eth,9,1,8,43504.57228,98,56,42,19,1
0x73534637ed2381Bd0929d27ac073c479eD6a8fC2,withfamily.eth,3,1,2,41454.11096,98,72,26,50,1
0xc55F05EAb494C11F96DE1eE0Afec466d42aB04cf,NULL,3,1,2,36033.10074,98,86,12,2,2
0x391D9B21C0b6416ab3B4B6275B957E3300BE11D5,NULL,12,1,11,32158.74887,98,48,50,19,1
0xF18aeb8984Df9C39B427BF9A5B44A5e85b1f8d0c,wendsleydale.eth,3,1,2,943719.3891,97,86,11,50,0
0xFC10A71B1E7974401D840fd15ceBf08Ed7E115Cc,jrocki.eth,7,1,6,463622.4799,97,89,8,50,5
0x4e42Bd9e46444146C6Ae31Bc301F0Ab7CF623eE7,wolas.eth,12,1,11,143333.2703,97,61,36,27,0
0xeba06532a72bec44A1d33130aaa7C45c31e502F6,leeyde.eth,20,1,19,39137.88429,97,36,61,50,1
0x5F96322bafb9B06e33930E68BF8DB3f23F83F126,NULL,10,1,9,34775.99931,97,35,62,35,2
0xb1D3BCd7232a118b915339f631439d2dC2968CBf,faram11.eth,5,1,4,32670.53041,97,63,34,40,1
0xB1328907b14700379905D6d733Fb0B31e46f3d62,yigal.eth,6,1,5,91962.61344,96,37,59,14,0
0xd9C629Ff901496C08a52A048DF8cF68938F70fB0,NULL,14,1,13,91163.56959,96,30,66,7,1
0x3994537274f3fF3eefc413E0D669b05D6446D46b,millymonthly.eth,12,1,11,38829.68325,96,13,83,25,0
0xcFdCA673b940F3740901052CC96Fc38D7E5Ac22F,NULL,13,1,12,36512.76604,96,47,49,33,1
0xEe5B5c741E8c14918296155EE5F8AB50C6b96d5c,NULL,3,1,2,34667.85841,96,84,12,1,1
0x429F9aDA43e9F345CbB85EC88681BB70Df808892,polynya.eth,1,1,0,180569087.2,95,91,4,21,1
0x94Db037207F6fB697DBd33524aaDffD108819DC8,joxes.eth,5,1,4,15324615.79,95,92,3,13,0
0xDCF7bE2ff93E1a7671724598b1526F3A33B1eC25,gonna.eth,3,1,2,10356983.06,95,90,5,21,1
0x509aaF71f59b61F6e2184F8c2dB7dA0BaCF6d53a,NULL,13,1,12,386316.4026,95,54,41,50,2
0xAfD5f60aA8eb4F488eAA0eF98c1C5B0645D9A0A0,0xmcfly.eth,17,1,16,115456.7115,95,16,79,24,0
0x62696568c46F56644d9B35051444FC6ec9Cd695a,huodongpo.eth,12,1,11,74649.47106,95,63,32,20,0
0x6B287f015cf2253C8928304eb70EdF689A9f15D1,zetaswap.eth,17,1,16,64065.18478,95,75,20,38,1
0x27daDcAC8613dE8D27519BFF92A3e0Fa7fd16871,0xham3d.eth,20,1,19,41050.67454,95,31,64,20,0
0xEcf3515a589979e98Fc8cb8473F631b5F287c002,115555.eth,9,1,8,209408.7327,94,26,68,50,1
0x5d7924e2E8EDE8276dc1f48AEE226fC2091F2369,NULL,1,1,0,37206.20315,94,67,27,30,1
0x3D581f0107f292a92E985125F7891d7025642845,NULL,2,1,1,30873.79731,94,92,2,3,1
0xeC5C0f3faC5a5D5CDae894361DcE1e83fb036F62,hiboo.eth,20,0,20,100945.4093,93,39,54,50,0
0xeC5C0f3faC5a5D5CDae894361DcE1e83fb036F62,hiboo.eth,20,0,20,100945.4093,93,39,54,50,0
0xF6bc0e3662a840dc1Fd939652dCC793c3EDfAA1e,jamesaaebamrs.eth,13,1,12,97246.29649,93,24,69,50,0
0xeC9146b0d06Ff6d504AbFDf310ffBA49096d3409,NULL,12,1,11,34196.31317,93,51,42,37,2
0x75536CF4f01c2bFa528F5c74DdC1232Db3aF3Ee5,katiegarcia.eth,1,1,0,79809322.71,92,92,0,3,0
0xd2D117e6dbbfdD74D6b865ff859a4611bD29F3Ed,rustedpopcorn.eth,3,1,2,497669.7753,92,49,43,9,2
0x274C3830a17CFA9FF1D618BE430CbA05569A7Fc9,NULL,1,1,0,71472.24591,92,92,0,7,1
0x82c631C06b2F4C8A2812F029788b2c6D99d2B8ea,NULL,3,1,2,68295.42786,92,88,4,12,0
0x57ADA3129b89De188b211Ef50ffCB29385B80B82,NULL,2,1,1,67583.77478,92,41,51,0,0
0x4dC08221AF9352f411d69648d960369d137332F0,matalight.eth,4,1,3,58569.23914,92,57,35,8,1
0xFef75B27d4Ae3D5228bCc2912f9CdCEAfe5f82E3,pinokino.eth,17,1,16,28442.79919,92,37,55,46,2
0x87b3fb5ab326B2fEd7B41D34467f1cF1301Efc70,NULL,19,1,18,94289.38717,91,56,35,25,0
0x6EA649FC345F83a8c88b8F8CC3B1C3488aA3bA55,dong88.eth,14,1,13,105670.167,90,37,53,50,1
0x5EA30C538CEb6F3a51D1BA88eF85bE690344B520,369369369369.eth,20,1,19,28088.97778,90,62,28,41,3
0x43F023e9dF3e3A9521Aca231888fB0385e3d56Bc,NULL,6,1,5,76066.10535,88,48,40,19,1
0x39e494fB02764904a9d89D70A149D19331654e21,kimway.eth,1,1,0,39988.48713,88,87,1,50,2
0x3316263C19bed1A29a88F3d7f8e95b15eAe9a385,dysthymia.eth,20,1,19,39850.64336,88,38,50,13,1
0x85b8622985d3714C404F372Ba102d88aAAB8E1ED,NULL,6,1,5,34634.23508,88,39,49,30,0
0x96Ea3317a62d77d66b857b323abF56d3c8acC6A4,paleo.eth,4,1,3,184448.5233,87,55,32,21,1
0x7Cb6329eF5A332e8687888D604b03Cf9aFEfC944,NULL,4,1,3,122124.8153,87,49,38,43,1
0x7DC130E21cf30C5e3ADfC46664f55ff2c49502dd,NULL,7,1,6,86065.21115,87,41,46,33,1
0x827282DEF6Ac312de27dbDFA013262CAf33F16b4,NULL,0,0,0,53605.74413,87,69,18,28,1
0xAf4807D083287f205d897e6D00c6FdE1bF0A241A,wilsonng.eth,20,1,19,46310.88395,87,22,65,43,2
0xf14729358C35E7a024639Ea97Aa991B2d577DAD5,nateowle.eth,20,0,20,60024.44874,85,12,73,50,3
0x63e508F44A87051CF7A0848330Ba2760CCF375B0,mazumba.eth,19,1,18,30885.06016,85,46,39,34,1
0xdf41D84ED889DDfAf25fb411151598d6a4982D8a,ranbankurokibhumi.eth,6,1,5,29654.99613,85,64,21,14,0
0x783dB0d30e2ce47b9EF9eAEe9E32A6CAEF8022F4,166888.eth,6,1,5,159953.4832,84,56,28,12,1
0xfcA5BDce638Fb8b80438bdb41F5CedcAA8893bc7,teaearlgreyhot.eth,9,1,8,43236.5005,84,63,21,29,2
0x24758547F2Ea320d02B7866Eb5F0cDb6e60d38d8,34555.eth,2,1,1,37178.65319,84,58,26,23,2
0x85d33380514Aba3aE6CF1C58ad9717a2B1cF0272,jhj567.eth,20,1,19,101033.827,83,61,22,37,3
0x85d33380514Aba3aE6CF1C58ad9717a2B1cF0272,jhj567.eth,20,1,19,101033.827,83,61,22,37,3
0xE4E076Ec8C75AFea19A8AE686104D3a819Ce8bd5,zhaomou.eth,16,1,15,71448.24426,83,49,34,15,0
0x4831B68c872A7b8B320Fe7BC9C27b191F646C3bA,NULL,0,0,0,52828.57909,83,68,15,20,1
0xcC649894480795176571Ab35328bff004A81C74e,axure.eth,5,1,4,36421.43141,83,44,39,0,0
0xe3E09d41a30603A68F7A6b548d87c394F63Ffb27,ruggingyourpants.eth,8,1,7,26077.90313,83,38,45,38,1
0x84da37133a088Fbf4e21D80Aec2CC260B52eA116,k.mirror.xyz,10,1,9,63583.48249,82,26,56,19,1
0x6585777B8d8055e7453E354D5D3dCeD17682DcE4,rabbitholes.eth,19,1,18,37298.73351,82,48,34,50,0
0x1d8abD893611416a1D43Ff76dB350C995E715A8B,0022446688.eth,10,1,9,34444.4128,82,71,11,29,2
0xB1EA5a3E5EA7fA1834d48058EcDa26d8c59e8251,NULL,0,0,0,165070290.6,81,81,0,27,17
0xFE950DE30f2a8F9fc3CdFaA50c8e9Cc99d8136eC,NULL,3,1,2,1555855.397,81,73,8,15,0
0xd70333D48d72082b211d05340C8E4F9A630B315E,wagame.eth,9,1,8,711484.4224,81,63,18,25,0
0x5F367BF126FDa56D88BA88a8978D5496c66B3569,zkmehdi.eth,17,1,16,249176.494,81,31,50,30,1
0x9f8322bBc6D512F431a0a2Aca2d732956c62de80,leonlove.eth,6,1,5,62049.1337,81,65,16,50,0
0x360006FBC28958F5289C3d3f872eb9Bcc3468bad,0xcryptosummer.eth,5,1,4,46929.20731,81,57,24,11,2
0x741266Ab669E1bae49c9f8396a0AA19905b7A409,NULL,9,1,8,53603.84799,80,69,11,23,1
0x91A88E2724F935584561a7FC4b31eD1845AA58f1,NULL,1,1,0,32796.36838,80,80,0,45,0
0x0Cc340C0A7363458f72E392bcD10AA3a65e707A8,taoluluoma.eth,4,1,3,42808.4025,79,58,21,7,0
0x7518404D73Ca350F127b847533E08b33073C9366,NULL,12,1,11,35021.99983,79,34,45,39,2
0x8E055A7cCDce910C256a36585f5f929d2C889a1a,siegfriedr131.eth,20,1,19,88276.52643,78,33,45,50,1
0xa5A25ADcFd24b980E480f875Aa2086571047e14D,rplanet.eth,10,1,9,56526.12464,78,7,71,50,0
0x92680225739060c3244Af184a9B77B3fBeE8e2Cc,facaihu.eth,20,1,19,28925.93142,78,55,23,21,1
0xc9F8Ce0fC268949b70d55a055dB879ED8D9656aF,NULL,10,1,9,27101.08131,78,54,24,40,1
0xe65EE900a08Fa2290D991609c6A35F2a52c4b8c7,ebrock.eth,14,1,13,118530.3235,77,48,29,24,0
0xe65EE900a08Fa2290D991609c6A35F2a52c4b8c7,ebrock.eth,14,1,13,118530.3235,77,48,29,24,0
0x3a31d9d9120013A2f1F55Ce45068Ed9Ce4795e9F,cryptonykka.eth,7,1,6,64969.36931,77,57,20,50,0
0xdFe89CAF65862c5B46FA22e8fA2296e05BfCBF94,wubitcoin.eth,3,1,2,29634.58942,77,39,38,24,1
0x33D66941465ac776C38096cb1bc496C673aE7390,donnoh.eth,7,1,6,794843.6934,76,38,38,15,0
0xF4B93a76bfedbaA5DD58C37C438bDe519E881B37,michaeltaylor.eth,9,1,8,180637.7687,76,48,28,50,0
0x18883410d3Fe76b254720B320d586D19C8682F6D,sutefan.eth,2,1,1,59041.91952,76,76,0,14,0
0x3d89e013fF9668910C5cD71057B5397848BecE8E,zhengyanfeng.eth,5,0,5,28314.93081,76,27,49,26,0
0x45a10F35BeFa4aB841c77860204b133118B7CcAE,theethernaut.eth,2,0,2,3774910.054,75,7,68,27,15
0xded5Cf3E3569B86ad8cd2AB71DD8218085ED58C4,NULL,19,1,18,89487.96309,75,37,38,39,3
0xded5Cf3E3569B86ad8cd2AB71DD8218085ED58C4,NULL,19,1,18,89487.96309,75,37,38,39,3
0xb6e24fE80b45868B2257be277957972790598459,77771.eth,3,1,2,45300.49999,75,60,15,40,4
0xAb0619d952Bf9Ac0952c70ada9e62A227C698264,NULL,8,1,7,106092.939,74,38,36,27,1
0x541118E8B36D5A111d7cEd5e5ac9a65042905346,NULL,9,1,8,69312.65408,74,39,35,43,0
0x2c7ADD7B6fB722cc4fDcFA8405d7c3888fF033E8,NULL,18,1,17,37295.66801,74,48,26,50,0
0xF0CbD26ad5F3C827b29eae8B66bfa69A7E93FF44,97763.eth,14,1,13,35735.89866,74,46,28,8,1
0x6EdA5aCafF7F5964E1EcC3FD61C62570C186cA0C,blockchainguyyt.eth,1,1,0,4136746.532,73,72,1,32,2
0x1e824C86dCeB7439ae02c0f6e5dc40E1CC284fF2,NULL,0,0,0,86996.17174,73,73,0,33,2
0x343cC3d8480ec2Bd0591adB71d858FC4A9CE1a65,cansa.eth,6,1,5,53757.18689,73,47,26,44,1
0x80DeDC37939698319A243829522240422Eb965e1,NULL,4,1,3,40978.61839,73,60,13,32,2
0xDe827Ab61F94B5568811ce223F2049aE084Ac5a5,0x233.eth,17,1,16,143410.3465,72,29,43,46,0
0xDE3ba1B41e6c612a3Ca3213B84bdaf598dfFdb9b,????.eth,13,1,12,115429.5432,72,12,60,50,4
0x05bf2958C314fa1E1D9A64fE0Cb16A12C6304F9F,jonathanng66.eth,3,1,2,61361.75829,72,68,4,39,1
0xf0AAAeb39bd9b06905Bfd85f37AB59440AA597d4,metacake.eth,6,1,5,60922.67776,72,53,19,13,2
0xf79a4CE9Bd79f43257E24986Dd35C3DfC5da5460,NULL,7,1,6,58363.23564,72,24,48,22,0
0x681F284C82Eb81054D6696aCEa2020fDC68f7Ca3,zhangjingjiang.eth,20,1,19,30309.06123,72,12,60,30,1
0xBF5310fAe4D7a0C6dF0452bCDA09aEFA2748Ad59,aegishafiq.eth,20,1,19,116859.4682,71,24,47,50,1
0x6d1895ed5a76E6f189ba125D7571d5729b484210,NULL,5,1,4,58125.85858,71,42,29,12,0
0xFf36b9cb75C9178841D8b75Baf9776bfA59FBE9d,digitaljamsa.eth,20,1,19,38289.91878,71,19,52,50,1
0x90AA5c7a67081409d0b826faCD34600463778a48,introvertguy.eth,0,0,0,33919.35203,71,26,45,50,1
0x4ac799e9B0E252bC45d499857C84809A5A444AE0,forrestn.eth,1,1,0,4139958.829,70,70,0,0,0
0x8f07bc36ff569312FDC41F3867D80bBd2FE94b76,jacob.willemsma.eth,2,1,1,25913788.01,69,63,6,19,0
0xd0214b7e8a7821A5Cb07024Bc00D64ece8Cc1067,esmeralda.eth,7,1,6,1744882.921,69,39,30,26,1
0x698da8663Df8c6AD2b8d59Dc957DD59e3E9E644d,NULL,6,1,5,57723.8695,69,24,45,24,1
0x717387664D840E39dc1d9c1AEd9F26445Cda8623,0xkaruru.eth,7,0,7,31851.56185,69,41,28,3,1
0x9b8EcC555143FC33b9809e7F4DC69179161208aE,ambassadorofhodl.eth,12,1,11,27835.75385,69,34,35,34,0
0x1B686eE8E31c5959D9F5BBd8122a58682788eeaD,delegate.l2beat.eth,0,0,0,43742774.34,68,61,7,0,0
0x9E26e1B35164aFB1332592AF393edf5F2A2C7F51,NULL,1,1,0,17810390.68,68,67,1,23,1
0xca43e41AB00E53B7685C8062d1651727013ebD97,NULL,0,0,0,38928.22363,68,62,6,9,1
0x751F6102A51047d148e510C20FF88c60eC9a9d9f,okexchain.eth,7,1,6,30774.18165,68,53,15,18,1
0x26F10640Ddd00dd4fc219c255CaAab12255b8023,mr0x718.eth,4,1,3,28285.26921,68,60,8,11,0
0x523d007855B3543797E0d3D462CB44B601274819,salatti.eth,5,1,4,7306039.738,67,57,10,4,0
0xb150c9bEd10a8C62997d58a81c4e1fA75160643e,NULL,5,1,4,59412.95589,67,24,43,8,0
0x42dFA24126138c3acC5dC0b29C6eF6DD161Ee225,NULL,11,1,10,113396.7627,66,46,20,49,1
0x9985f9044a7C2546066FFd62b85CDa4aA4c651A2,rufkm.eth,1,1,0,63398.91452,66,63,3,19,1
0xCeEeFC1E9A46DC27766a7C8956c1c2457d51B645,NULL,3,1,2,32597.99645,66,62,4,4,0
0x220a6CB04d48CA2c33735E94DF78c17F8B0F7C9F,abadulrahman.eth,16,1,15,158191.8248,65,28,37,50,4
0x6a736EDA88fE0A745Aa9f27dE90263DfDdd67E23,xmichel.eth,5,1,4,47554.06377,65,54,11,9,1
0xC99b0676199dC3F8d3317Ac003b85441cbCEAd45,NULL,1,1,0,37291.68535,65,48,17,26,1
0x1DaBe414EB584533EE72E603fF33BA793E3c98f1,NULL,5,1,4,95705.72092,64,37,27,36,1
0xF95e43cC86ea8cCC0893F58027194ce62ffd8e98,NULL,0,0,0,48165.77647,64,62,2,20,1
0x6A8f5A07E5A49a88fa03a1E0B757821e235293C0,NULL,5,1,4,47316.43497,64,31,33,4,0
0x0696CCA4f346552E2A8B822ce9AfA50413976A0F,ÂÅáÁå´‰ºüÁï•.eth,10,1,9,38556.85313,64,36,28,23,0
0x6F133b985501DBc3a697FB5244924B57C5Ac8C72,ethnissity.eth,5,1,4,121084.2678,63,54,9,21,0
0xD16525e5E463316d3F2087De6a23c72E529FC1a8,readthemarket.eth,12,1,11,49816.81704,63,33,30,1,0
0x26ed0Cd4F29Bd1F4De0dbd782C668D417f12775b,NULL,0,0,0,45058.34788,63,58,5,18,1
0x38D0604E7A9F3E367dCd55a3F3745392843e99D1,NULL,3,1,2,42727.70491,63,55,8,9,1
0x1260655b5D9bC0e6097aBe51a1f0BEafA3363762,0xshine.eth,5,1,4,29617.39947,63,55,8,50,1
0x4486E2ED93250e4514D0A848135dA9f952F17336,NULL,5,1,4,29434.92075,63,41,22,1,0
0xd83EcE87502097dF0C61B37322BBe71A2AE41A07,ethflame.eth,8,1,7,83940.91527,62,49,13,25,2
0xCB2855C0FECeF8eAB1ee82a0fC3358577c317802,secret7.eth,0,0,0,61325.79877,62,47,15,13,0
0x28Fa48B7539cb96Ca15079307C97428DB8eb59c9,NULL,0,0,0,45058.30722,62,58,4,18,1
0x47549016d259fdf677f2076Bb61d871C6F07da83,NULL,0,0,0,45058.30701,62,58,4,19,1
0xF417ACe7b13c0ef4fcb5548390a450A4B75D3eB3,woj.eth,2,1,1,3271644.907,61,37,24,8,0
0x816F1a81D044eeE1fC46C540084426EC26402999,qucha.eth,1,1,0,154217.4833,61,60,1,5,1
0x46b774B5b14055728C98784d63BE54d1B74aeBF4,NULL,3,1,2,104156.0181,61,57,4,26,1
0x991500205fa1E65301b2fE2C7d7b6Ec9Ff8a526D,NULL,0,0,0,45058.30701,61,58,3,21,1
0x85334d1ddDfFc4F927CF185AE147C994A4Fd8EcE,NULL,0,0,0,45058.30701,61,58,3,18,1
0x2a704f87CB047691139c6fEC103ffbb10F9C67a2,0x1024.eth,20,1,19,39605.31796,61,21,40,41,1
0xFcD991Ba83bb0C10132Ed03989e616916591A399,tjb-1958.eth,0,0,0,29799.35297,61,36,25,26,1
0x77f52c6f7b47F833d6032b1Dc172Bc2892B8c75f,NULL,2,1,1,28102.76732,61,61,0,2,0
0x3c36e10c0048c298b87Eb26601A374aeb86b1b93,0xedip.eth,5,1,4,27132.56937,61,28,33,25,1
0x4180Fc6676c646dd127Fd4aFaC0021D2BEB8df32,NULL,20,1,19,26243.84504,61,44,17,23,1
0x0ef0c89149152f57D42Df5E3AEd1B9B8305e7e18,164999.eth,20,1,19,98284.09749,60,9,51,2,0
0x2a3dCE6fF287cd2D4968849317A52177869b7150,supra.eth,3,1,2,40740.27345,60,34,26,0,0
0xaA89dB3f37642D4093dc71ED2c411D6FD6291da7,0x4858.eth,7,1,6,27190.35767,60,35,25,20,1
0x1372eDA77Df5A048db8Af4Db3D8680fF56388824,NULL,1,1,0,7377443.445,59,59,0,0,0
0x062a07cBf4848fdA67292A96a5E02C97E402233F,exospherel2.eth,3,1,2,6595615.246,59,48,11,22,1
0xa5828AA399F166E7723081dE17853c9700f63812,NULL,2,1,1,209694.0152,59,58,1,2,0
0x112DeDC15E42072cC8549B81d6c130db3CFE493a,NULL,4,1,3,87516.008,59,42,17,14,1
0x85274906F537e0aA3823855Bd6A0e374c771d19B,miladdf.eth,9,1,8,81713.21678,59,40,19,37,0
0x85274906F537e0aA3823855Bd6A0e374c771d19B,miladdf.eth,9,1,8,81713.21678,59,40,19,37,0
0x40785dC5b775D91c09855765e41ede2E5Cf909ea,vurawn.eth,7,1,6,54823.83742,59,20,39,6,1
0x2f98524BED665c8f644749Ea088bab2fC6e9282d,debili.eth,2,1,1,36540.50582,59,47,12,2,1
0xbc46E17c3ACbF1a46BEdb46B7068248aE9489FC8,hivewithme.eth,7,1,6,36136.95527,59,52,7,25,0
0x4E91aF8E4282eb78bFB4c3a8D90DB2804B6c02ee,mokia.eth,4,1,3,31386.17007,59,41,18,28,2
0x55cd3aA91384501B59D1B8e7796EEecE52e25a14,pumpldo.eth,0,0,0,28570.08739,59,51,8,4,1
0x4f41877773e44F2275dA1942FEe898556821bf66,jackanorak.eth,1,1,0,12917179.96,58,58,0,3,0
0x130FFD7485A0459fB34B9adbeCf1a6dDa4A497d5,NULL,15,1,14,136019.0002,58,19,39,29,0
0xd5735ca19C7653aB972c8C3b601cBC8C127Adbf7,tangxunlake.eth,3,1,2,61518.3884,58,40,18,36,2
0x97F5b1BdceCF3331DFB1dcBf50e593Fed5151c59,6222th.eth,8,1,7,45949.81704,58,33,25,10,0
0xC121069689bAF879e1c12d09FC519944b5c33EB8,NULL,8,1,7,40581.80131,58,45,13,18,1
0x00C7E8191a08b6B11725b459DA2d0DF60bD7C453,0xmoonape.eth,1,0,1,31081.05928,58,40,18,16,1
0xC2867dAdA433426D2AE43261A1D64d2aA7aAE647,aisiji.eth,7,1,6,31080.90728,58,40,18,5,1
0x5164cF3b0C8C0FDfE4BCc9Cf4F1e8f7E39461A59,zhangyang.eth,16,1,15,293245.5867,57,21,36,48,0
0xd6c2C3f46608c8215454489b6aEa2e5E16C465B6,NULL,2,1,1,44281.43964,57,57,0,10,0
0xb8f48aB316F8EE6956867B3e63f1619a9c7b4c5E,NULL,5,1,4,35726.17513,57,34,23,3,0
0x456f884C51541429fB8e3c9eb977BcbE4A98541C,NULL,6,1,5,28696.16867,57,45,12,28,1
0x2F9677016cB1e92e8F8a999c4541650C80C8637A,NULL,3,1,2,148783.751,56,46,10,38,0
0xB3Fd85542cff89eB0FCCc18F9483d1BC8b4fA21e,rainber.eth,14,0,14,53804.96412,56,18,38,30,3
0x1e2fc6DAbdBCE1b991Ee26dAF32A64400D7884DF,NULL,6,1,5,46983.18479,56,37,19,8,0
0x6DE768dFD79fa0b0249aaa0a5d2586305F92773d,NULL,1,1,0,43528.19096,56,56,0,9,1
0x99Fa48ccEa8a38CDE6B437450fF9bBdDAFAA4Fc8,terricola.eth,2,1,1,42715.92407,56,53,3,30,1
0x49A4fa0f6d49B54A90A8f0e955C5558CdE59B069,NULL,2,1,1,41481.21959,56,53,3,50,1
0x4C652909BA809136d4802b4Be5c33c2cd7a4126d,NULL,5,1,4,38162.44566,56,34,22,10,1
0xdF629daa1E3A099D4C87D7BA855e9561d2300032,voiceof.eth,0,0,0,2433242.893,55,50,5,30,0
0x97fe413d650D495338615150a8ed6F78A32C2e68,zkgas.eth,2,1,1,34200.69613,55,44,11,4,1
0x33de6471E0e70B5007555Ff872176D98FD1e251C,sheverse.eth,2,1,1,34200.63673,55,44,11,3,1
0x698c3255DB5fD4cC99D5a3004a4704922d76444D,volmax.eth,2,1,1,33420.7066,55,43,12,15,1
0x2a9bC298C196889a61d4a4f84212dd2CCDF8D7ae,zkong.eth,2,1,1,33300.81203,55,44,11,15,1
0x2d57dE5BC7AE2B720275AD8d6F070a606B44b2c9,kongt.eth,6,1,5,31860.85945,55,41,14,5,1
0x56e9c98d90C256b951418F176784151C7eec026F,p0xx0q.eth,6,1,5,30304.02092,55,39,16,19,1
0xB2AB36Fc53ebD1F62f17A2c7E4830a4C4BDB05c9,hobox.eth,12,1,11,26603.27463,55,15,40,50,0
0x6Fc69Da059944B4895d65f385B9A26b1285CAb88,muiris.eth,1,1,0,2632388.157,54,54,0,0,0
0xA198E245BF6929C1a1899E36BF957417143D4f7f,NULL,4,1,3,285915.4397,54,39,15,30,2
0x9E7943cEAc1f02B00E5f9d6E182F257efaA4653e,cold.watertim.eth,0,0,0,174391.9031,54,25,29,25,0
0x0b2783CB60Ff4Ec7CA869b30b8dafd801e7224B6,btcethdot.eth,20,1,19,125316.8814,54,21,33,42,2
0xE01f660B304BE815627628C38C2DCdF37F68245E,bajwa.eth,11,1,10,60306.22116,54,22,32,7,1
0x811f03743616A9D0af958956357A1143676627d4,excursion.eth,7,0,7,45414.20709,54,46,8,21,1
0x883b3dBeb71c19D6618461216fC5371f7A3A8f3A,NULL,12,1,11,43997.23134,54,28,26,21,1
0x2f161a29Cf30709ee75ed8b57A3549aEfFF2f66D,NULL,1,1,0,34690.83755,54,54,0,0,0
0x29CAeE299d95ac30Af65bD4aB0524EC220f60771,NULL,1,1,0,34690.83755,54,54,0,0,0
0x36175774fAd4EaAC926e68D405A02866B4dC879D,zksyncer.eth,2,1,1,34200.58873,54,44,10,4,1
0x858E517a8E5c28E7D2fBe081A739f0276E85E69b,–≤it—Åoin.eth,5,1,4,34182.92503,54,44,10,50,0
0xAd564d1C240390fF747a4b48BA2aBb115F54dbDc,huoshao.eth,2,1,1,33420.76257,54,43,11,3,1
0xc872C0d1895E010cC2073Fc20cd66dF04D7Bf11f,opverse.eth,2,1,1,33420.71257,54,43,11,3,1
0xb26181b82E35A9ea56406b517b0191f4b6773142,zkflow.eth,2,1,1,33420.70707,54,43,11,5,1
0x94707D04149Dc680488dEFc16a421d0E574Ef471,zkair.eth,2,1,1,32640.84201,54,42,12,3,1
0x87d20Cad2E320D19AEEaD9415E153A1a75D2FB4A,opfan.eth,5,1,4,32640.83281,54,42,12,3,1
0xF57A918384dE5F98dEeFFF5A8B91c662F2029FE6,xiabo.eth,5,1,4,31080.85508,54,40,14,2,1
0xA6975aa92E2E8C82dEA731DD778CfFE9420c2779,loodao.eth,2,1,1,31080.85108,54,40,14,5,1
0x25b65e29930d163e93cB6a6a9d3A37cb58640F06,lxd494313141913.eth,0,0,0,227556.9114,53,30,23,3,1
0x3Ce8CFdDB23173a54cB70927bE2D3CfEEba74E04,NULL,6,1,5,128986.6956,53,47,6,11,0
0x0B5dD26f44D36141d97A3bF6841e7bA63C092AF9,icomeinp.eth,14,0,14,58649.32096,53,8,45,11,0
0x92fe4A4154B42030928e8043F70ca1624538Bf53,jakhar.eth,8,1,7,54823.83742,53,20,33,13,1
0x566819A9ac46652d520E97bf5777d737481fb988,NULL,1,1,0,52475.44124,53,37,16,28,0
0x02C9150302e2365297A463Ab1ae2b63f75ABD782,NULL,5,1,4,48317.47672,53,28,25,35,0
0xD71a19975E7f3aFFC011fDC8dA837F81E3F1eA2d,NULL,1,1,0,41176.00093,53,53,0,27,0
0xE366e3762b97c037323C7bd69DB3690f269e85FD,NULL,1,1,0,41173.97019,53,53,0,4,0
0x25dE385f31256e7b34461541c70F49A609b6F089,lensverse.eth,2,1,1,33420.65957,53,43,10,5,1
0x07704bD381B3688FBcCe7536A685ed0e96cE0a39,0xcell.eth,7,1,6,32640.83841,53,42,11,6,1
0x73821d3316b3b6bC7f980d3Ae8f162EEDc2b174D,starkfi.eth,2,1,1,31860.90835,53,41,12,17,1
0x71c4268EBA8e7A1E8783185aDd258531E2F350b0,estland.eth,1,1,0,31860.85105,53,41,12,1,1
0x51a2329e6a2B97fB5a7E1BAb89EF070076086312,prepfi.eth,2,1,1,31860.82885,53,41,12,15,1
0xb277Db9746350362E33d5881f77a696b1B123312,0xtoll.eth,3,1,2,31860.82315,53,41,12,1,1
0xEd61aa18806471c4a872b07086eD8bB56E2DE6f4,zkdydx.eth,2,1,1,31860.81475,53,41,12,5,1
0x7bf1b494Bc101F1Aa422064804069d205b73163b,NULL,4,1,3,30130.2565,53,10,43,23,0
0xb94bEf6F6802Eef2B3Eed0cc5036828de9269738,NULL,3,1,2,205640.6421,52,50,2,29,4
0xa839aD44c33Ed53AB855a0DDA96D9bDDC772f035,NULL,1,1,0,40488.90712,52,52,0,8,0
0x536F181ce2D31C6589A04Bc0f230cC7FB4b41D52,uarenorhing.eth,6,1,5,38972.48859,52,43,9,12,1
0x527620e3acf9329953bfe0F1dFC96dDE55198A8D,chuji.eth,1,1,0,33405.29657,52,43,9,3,1
0xe2dC8D10bb76c88b5316EC731A77F3cFc7376786,wlmint.eth,2,1,1,32640.90801,52,42,10,4,1
0xf245f14eC5dE4bd6c595Ac9Da22B8B2d77D1d286,zkiii.eth,1,1,0,32280.84721,52,42,10,3,1
0x92Dc7EE320C955796f67b2B64456b60ec1C07cA3,0xgear.eth,2,1,1,31860.82615,52,41,11,4,1
0x17D7f6944f544f637460567450303dE771cDeA3E,desea.eth,1,1,0,31860.81565,52,41,11,5,1
0x8822C248805EFBb56A89caF7033a733607118a05,desite.eth,2,1,1,31080.93988,52,40,12,4,1
0x9E691d29d4A384D3cFf8191227283859871B6B72,zkxkz.eth,2,1,1,31080.87408,52,40,12,3,1
0xAdFDF29d213f519a36152347E3927c540e60067B,omnigate.eth,3,1,2,31080.84768,52,40,12,3,1
0x539DbC6EdeA8a2395b6870432EE3bEc592833593,okdefi.eth,13,1,12,29162.54868,52,20,32,5,0
0x7D4bF9002C92E0F2a1a957A6838e6b631681834a,0xokpc.eth,6,1,5,28750.274,52,37,15,3,1
0xDa5658b452230E02FE40fD79824bE7ca4ead74CE,NULL,2,1,1,28143.83336,52,34,18,5,0
0x01E6b50557eF1a2ca58A621998aCe3f278E808B8,tongnk.eth,4,1,3,12222368.28,51,35,16,1,0
0x7AE109A63ff4DC852e063a673b40BED85D22E585,calblockchain.eth,0,0,0,1420266.64,51,3,48,0,0
0x5347714a92F418B5ce26348b793eBeB5F32D5CD9,here5cd9.eth,4,1,3,440004.1546,51,44,7,13,0
0xb31abfeF6710675de9E17E053C8466Ed3497757D,0xb777.eth,15,1,14,126632.0532,51,20,31,9,0
0x15b56359A31b7A7dD51Da0De9315142Da3b0C4A5,lxd494313.eth,3,0,3,48138.815,51,30,21,2,1
0xfBbeDCc25e12Dab1451E34b52b7B09419410ffC0,yozhik.eth,11,1,10,44511.0339,51,19,32,39,3
0x69ed56Ad4cc94f720f90F014037Cb6AA60B31439,NULL,0,0,0,44497.51994,51,21,30,1,0
0xEb2c238f2b5ae3B30793Ca8179aE426B7Ec5D49c,dfinfty.eth,2,1,1,31870.40485,51,41,10,16,1
0xb6cCf5EAb9cd2f8e677a9B9a3341BfFc3B1d646d,realos.eth,1,1,0,31860.84295,51,41,10,2,1
0xE869511C9DCF7A4BBa323CCa69c263670aE4635f,opmen.eth,1,1,0,31080.87328,51,40,11,17,1
0x0b17256bf954B926AfA6D04318eafCbf9cd2D49d,gitube.eth,2,1,1,30322.89948,51,40,11,5,1
0xa6e8772af29b29B9202a073f8E36f447689BEef6,gfxlabs.eth,0,0,0,14929680.57,50,19,31,0,0
0xA56DfbE8010a8830a9Fe5B56e8efF7236e277120,superdelegate.eth,0,0,0,191812.9834,50,50,0,0,0
0xE4036Aca909cD049f9A7b7333961E1C1Db7fb35C,ssaegis.eth,19,1,18,189539.896,50,24,26,50,1
0x5B3BEFFe27430D4ac916B8e9c7715611270D93a9,NULL,2,1,1,154306.0613,50,50,0,11,1
0x7CD6517e4F880E0B87C89D6a03Dcd12524fE2282,NULL,2,1,1,83744.43497,50,43,7,19,0
0x871796b6fC784BC50606AD16C8099Aa9496eeD10,lxd494314.eth,0,0,0,48138.815,50,30,20,2,1
0xEC8CbAB21D13fe452C54aBC4D962Cc2A0830314A,NULL,1,0,1,34402.51599,50,29,21,23,0
0x03Ce77d68c5EF952D91Ff53c336Ffa260f43cAa0,NULL,4,1,3,278630.3452,49,38,11,19,0
0xF3f3d96ad5b8554aB4C5b45a0E1d5111E95671b4,lxd494319.eth,1,0,1,48138.815,49,30,19,2,1
0x931292c42A5F600e80D75B7c7743f0164240882c,NULL,6,1,5,37056.48304,49,12,37,39,1
0x606BFF6D58f0F9e21895A55997D20A4B851d01Bc,m1911.eth,12,1,11,35871.4381,49,26,23,39,0
0xaC0ba58B3dA3f5F47a75ce80D1e0945d404aDd10,qishui.eth,4,0,4,34182.16393,49,44,5,5,1
0x18B0230F4A71121a99cF3c9089af4845ee977d64,avaxpad.eth,5,1,4,31453.62866,49,43,6,14,0
0xbC2247DE3421a8BB7A8Bb4268605B367e72A5CcE,NULL,1,1,0,31075.44392,49,40,9,47,2
0x8580E588A7724e057DABed356b675204CAE561D3,NULL,3,1,2,30797.86393,49,44,5,3,0
0x651faD38698d776c98B42920d3F094D1269A3cA5,jxexplorer.eth,4,1,3,29772.60898,49,43,6,19,0
0xE3ff24a97BFB65CAdEF30F6Ad19a6EA7E6F6149d,samscolari.eth,10,1,9,56716.16726,48,31,17,34,2
0xFA07CdE45898ee3d9edb3399946a8F7A12B400d8,mn141319.eth,0,0,0,48138.815,48,30,18,2,1
0xE139Ed266CD535b33f2937fB06cc21Ec71d63Dc3,mn131914.eth,0,0,0,48138.815,48,30,18,2,1
0x4646870D5379936F95220Fba9cD2D4d17aB2E18E,mn141913.eth,0,0,0,48138.815,48,30,18,2,1
0xe0B03Fc5365677ba0A438811d84600051cBb1abD,NULL,5,1,4,34788.17404,48,35,13,24,0
0x9Aa03BCc6084f0F634ce6910256b6D5A749aeBF0,NULL,3,1,2,34182.16393,48,44,4,4,0
0x6D1B4Aa0Abef6A14B324F63277A2DAeFe710C52F,opwin.eth,4,1,3,33405.29657,48,43,5,4,1
0xd4665332b625E20E96eCCc3332378e6AA48809c8,000000000000000000000000000000000000000000000000000000000000000000000000000000000000000000000000000000000000000000000000000000000000000000000000000000000000000000000000000000000000000000000000000000000000000000000000000000000000000000000000000000000000000000000000000000000000000000000000000000000000000000000000000000000000000000000000000000000000000000000000000000000000000000000000000000000000000000000000000000000000000000000000000000000000000000000000000000000000000000000000000000000000000000000000000000000000000000000000000000000000000000000000000000000000000000000000000000000000000000000000000000000000000000000000000000000000000000000000000000000000000000000000000000000000000000000000000000000000000000000000000000000000000000000000000000000000000000000000000000000000000000000000000000000000000000000000000000000000000000000000000000000000000000000000000000000000000000000000000000000000000000000000000000000000000000000000000000000000000000000000000000000000000000000000000000000000000000000000000000000000000000000000000000000000000000000000000000000000000000000000000000000000000000000000000000000000000000000000000000000000000000000000000000000000000000000000000000000000000000000000000000000000000000000000000000000000000000000000000000000000000000000000000000000000000000000000000000000000000000000000000000000000000000000000000000000000000000000000000000000000000000000000000000000000000000000000000000000000000000000000000000000000000000000000000000000000000000000000000000000000000000000000000000000000000000000000000000000000000000000000000000000000000000000000000000000000000000000000000000000000000000000000000000000000000000000000000000000000000000000000000000000000000000000000000000000000000000000000000000000000000000000000000000000000000000000000000000000000000000000000000000000000000000000000000000000000000000000000000000000000000000000000000000000000000000000000000000000000000000000000000000000000000000000000000000000000000000000000000000000000000000000000000000000000000000000000000000000000000000000000000000000000000000000000000000000000000000000000000000000000000000000000000000000000000000000000000000000000000000000000000000000000000000000000000000000000000000000000000000000000000000000000000000000000000000000000000000.eth,2,1,1,27395.32135,48,38,10,23,1
0x413Db04A4d7207cAE7A7686639ce68CaAC137bAe,dappchaser.eth,7,1,6,67108.8915,47,25,22,9,0
0x04b141d103e862BA88fD1aa7b691E05085cD2F1B,armandogutierrez.eth,3,1,2,36519,47,47,0,1,0
0x49B4ACc7fCCc00D9eb2d1DAb1B809875028Af40D,orcoin.eth,1,1,0,34182.16393,47,44,3,5,1
0x05545C715D211F78E290FbE32c68e1A9cbA89b2B,0gmail.eth,1,1,0,33405.29657,47,43,4,11,1
0xcafcDbB5F361A6709C1584c71F85459aCFDD0668,zkfan.eth,7,1,6,33405.29657,47,43,4,2,1
0xf0a157fbb569964Da862ECB66b8c6091c2CfFE56,annonn.eth,5,1,4,31075.64221,47,40,7,50,1
0x9CB7BC442fFbD3b2617eF23988132F10a52b3844,NULL,3,1,2,30797.86393,47,44,3,3,0
0x6D7cEA482d280378B86DB9112Edd62919faE2c36,zkcoven.eth,2,1,1,29530.32696,47,38,9,6,1
0x211a26A3fc01b01B217b76C391902e42E3e1eE91,orome.eth,6,1,5,203688.3753,46,30,16,38,0
0x39Cc43B3068A208AE87042F927Fb53b85586C654,ahmedkhalid.eth,20,1,19,182643.144,46,21,25,41,3
0x57BF38bB75EE444b54f0cf5899efeeeeEaD99809,tionft.eth,1,1,0,34201.23493,46,44,2,5,1
0xFB71C3C7684b444A749c51c4a47D8E1d337aC741,okblue.eth,1,1,0,34182.16393,46,44,2,1,1
0x10eAFA0df89eeC3d6c7daeA9C2034c1eaAa20331,istark.eth,1,1,0,31851.56185,46,41,5,2,1
0x2D9d84F4D8a4254ea23Fe18825193Cbd1b21b749,NULL,1,1,0,164434.9204,45,45,0,6,1
0x37223d721901EC493906ddF800B71dbCB347fa68,literallyme.eth,3,1,2,82626.59846,45,36,9,11,2
0xc213b1d0db3B5C834174451A45aF54CD701C2935,NULL,1,0,1,49970.09052,45,38,7,25,1
0x06Ac46a081e02b3A8d4daD50b62e90aCaEA23a95,nm131419.eth,0,0,0,39983.80164,45,30,15,2,1
0x81D6d74103Ea8a46382435dE0816C8ab6527A0d0,nm141319.eth,0,0,0,39983.80164,45,30,15,2,1
0xd142dEC0858612066E2090716faa08F5087f937d,daocord.eth,1,1,0,32640.80401,45,42,3,3,1
0xEF0bF6fAFBA39EBe1eEF5605a62BD43168fA86aF,zklian.eth,4,1,3,31851.56185,45,41,4,4,1
0x4bEB50339c64f5901aEb99EbF973c0342964F98B,yanyu.eth,0,0,0,65175.81204,44,25,19,22,0
0xb687e39C6dA4a4B3C38C659c5E484f1EF7C99311,NULL,0,0,0,39983.80164,44,30,14,6,1
0x1E8E935C3FBC714EF8CAcD7F70Ee56bA83a386Bd,upant.eth,1,1,0,34182.16393,44,44,0,18,1
0xFceFEEc437A6efe280aA2a007379cD163a230143,opiron.eth,1,1,0,33405.29657,44,43,1,4,1
0x06a8A17Ba75a75d6fceb2500AC7aD24e97000Cf6,cojob.eth,1,1,0,33405.29657,44,43,1,3,1
0x3cc475f604F745E8956aA18C543dD706ed42C726,conflus.eth,1,1,0,32640.88001,44,42,2,4,1
0x4F50Db6B9EC7b0E866C2f0f2E318654Df25809B3,NULL,2,1,1,32628.42921,44,42,2,3,0
0xDdea82316Af19ECB83070237816500A9EddD1487,icpmax.eth,1,1,0,31863.87305,44,41,3,2,1
0xCA853A76eFF3C1bF7ACED797860555eBBe986253,evmfi.eth,0,0,0,31861.75915,44,41,3,5,1
0x3140a6dF662Dbe3B1E7db5be5bcdB7B8f16131Be,yfang.eth,5,1,4,31080.85748,44,40,4,6,1
0xfdFB146BFf194E53661f18b9A1ffA60dA9107d19,coolbox.eth,2,1,1,29779.40965,44,17,27,6,1
0xcab133cEe3B37A3Fb59da262D905c3CFFa3cf6e3,NULL,3,1,2,28467.26185,44,41,3,3,0
0x1775c051807984735119F003a0B504D846565304,NULL,2,1,1,27231.56185,44,41,3,3,0
0x3eA06297faD6B359b0bc0888465831Ef93A1E966,NULL,4,1,3,26109.66849,44,27,17,3,0
0xDa17e1ff5B4FcA7d74f01F09e348E45E59369Fa5,dafeng88.eth,6,1,5,108588.2043,43,34,9,43,2
0xDa17e1ff5B4FcA7d74f01F09e348E45E59369Fa5,dafeng88.eth,6,1,5,108588.2043,43,34,9,43,2
0xE173Ea9726140F3207ec6453EaE35eE8AfF90bE8,NULL,1,1,0,97386.76363,43,30,13,9,0
0xE173Ea9726140F3207ec6453EaE35eE8AfF90bE8,NULL,1,1,0,97386.76363,43,30,13,9,0
0xa7634B639ba3ee5Ccc7031A4dc8bf7844BEb9896,NULL,0,0,0,76797.79788,43,30,13,8,1
0x2F6664F586D06549B54801B1Fb15cf1A2cD639B5,NULL,0,0,0,39983.80164,43,30,13,6,1
0x1d44bb067BAb6fee2E99c0fD5b471E0AE8aAdeB1,NULL,0,0,0,39983.80164,43,30,13,6,1
0x5b56220bFC43e33C3f41C930c76F8A57B27Ad991,NULL,0,0,0,39983.80164,43,30,13,6,1
0xc08BF9BC689f614029287CEE1cF595B179e43B05,NULL,0,0,0,39983.80164,43,30,13,6,1
0xE1afa67Cf44Fb8e12ABF88dE37f5de85DA10Ef22,NULL,0,0,0,39983.80164,43,30,13,6,1
0x254Ca6550883d5aB2c1eA7cE92a15a039B4239de,NULL,0,0,0,39983.80164,43,30,13,6,1
0x98C417B9dF5D9663CF488c12697C28ED2456C9CB,NULL,0,0,0,39983.80164,43,30,13,6,1
0xe1b973fF69DD47b2b3B00bf2159CeD7680E37260,NULL,17,1,16,39611.24254,43,16,27,33,2
0xF5c186706FD1DaC5e110eCb4C36EB1cec5AE0db5,beable.eth,1,1,0,33405.29657,43,43,0,2,1
0xBEB7060e9D18596776A77092A14cA17319f80e14,argold.eth,1,1,0,33405.29657,43,43,0,3,1
0x3D2d722B443A5cAE8E41877BB7cD649f3650937C,NULL,0,0,0,2088770.102,42,42,0,2,0
0x4e224e7e9E6084877856F147ce06A33ccB88eeff,NULL,3,1,2,473124.1671,42,40,2,32,6
0xcfCBFe50F8957E500Dbc1a877E6596B99d28Ddf8,shynxa.eth,1,0,1,294355.7302,42,37,5,0,0
0x10c7eFe8206DE20A56C9cB5FED78103a9a927a01,NULL,2,1,1,271328.0343,42,42,0,1,0
0xb77901819b46C06E4e20eb79587Ff2F179cf8d5c,NULL,1,1,0,70277.80424,42,40,2,4,0
0x949eBC524cD91354dbd7A3De8b48b707cEBe94Be,behzadwk.eth,5,1,4,52156.20392,42,29,13,6,0
0xcA5502084a800fC1b03CA0943cEe78A0716D6Ae4,NULL,3,1,2,40446.33755,42,24,18,1,0
0x49bA0382Cb3e5B0B8FC7cA69fB5189aD82340bC2,NULL,1,1,0,32710.14471,42,42,0,8,0
0x7a7581B1FaF03Ef654ECB18056d47Ba714daC4e3,NULL,1,1,0,32701.0518,42,42,0,8,0
0x67282C53fFF1ADde414ed4976F2fcEbFC070B5CA,prcdao.eth,1,1,0,32640.77641,42,42,0,3,1
0xa45989169B076cc5b025dA331956c4E79Ec345C0,isofa.eth,1,1,0,32628.42921,42,42,0,6,1
0xe9Ba00550D7A0e2fe1C6F71585311Aa4ea6Dd5D4,zkboy.eth,1,1,0,32628.42921,42,42,0,2,1
0x96A761305399cDC7926E15F263a3c1577a251937,arsea.eth,1,1,0,31851.56185,42,41,1,2,1
0xeB62a4E1A10Dcd929c9bB44d857bc7a6aB6a0d9F,tobiwo.eth,2,1,1,28814.61232,42,37,5,0,0
0x6d3F1b18CD155ba5Aab0f3467E3CBE9c4a339656,rasmuky.eth,2,1,1,173963.8072,41,38,3,24,1
0x2336685a287f87A144B79eD1ef392bb7C6219802,lisanfeng.eth,12,1,11,40374.33542,41,34,7,6,0
0xC28398e6C5976329f32933c4EeA9f4BeBFee1d11,becold.eth,1,1,0,31851.56185,41,41,0,3,1
0xf181DDAE1f49587F9Cf8D08Fc327FA8064A1F9BA,zkdrop.eth,1,1,0,31575.56185,41,41,0,3,1
0xc4eDDaCC62D362160B47fF346a97ce3a42271566,nftinize.eth,1,1,0,31083.99928,41,40,1,17,1
0x1dbd892bbb350B298aa03d6EcA73009C5ED0531f,dululu.eth,2,0,2,30297.82712,41,39,2,14,0
0x3096Dc07b211E17Cf1F2Be8ed6e07E30562ED325,NULL,3,1,2,27510.94169,41,39,2,3,0
0xd372b7816A14abB6505bEB843AE0AdBe3D8a61A4,NULL,1,1,0,31378.07548,40,40,0,3,1
0xEBf08043d3Bd63DF394AAf3310bC871EFe733ec7,abmint.eth,1,1,0,31074.69448,40,40,0,14,1
0x28238c9E41bF378193fd3d75c6CB07c0DDFaB06D,NULL,1,1,0,29002.69448,40,40,0,4,0
0x6870fDf5A38791bCC11177CC05D9C3164482Dad4,0xens016.eth,3,1,2,28000.66048,40,4,36,3,0
0x37dF0e34DC942D2ab60206748FB101Fa51fD7992,NULL,2,1,1,27458.28665,40,8,32,20,0
0x67A16655c1c46f8822726e989751817c49f29054,manboy.eth,15,1,14,51470.64434,39,6,33,17,2
0x710b5511E2f816a15969C2A50eEa9882E35a7d37,NULL,18,1,17,29799.21451,39,14,25,24,2
0x83a252160b09d3e6cCC7d34DAE0A96143cBEa2B1,NULL,0,0,0,56359.62777,38,37,1,2,0
0x1326B4e8aC7D8f7E9c7552D00d676167Ee0e1b4C,burtonon.eth,0,0,0,50019.49847,38,31,7,33,2
0xAb92b98404385b9064Dc7f6A1aB1178E9F562057,danbubb.eth,4,1,3,29520.95976,38,38,0,4,0
0x3ff8c9aD31a9F1F7E22F9c7e58a3FAEFcB715647,NULL,2,1,1,27967.35976,38,38,0,3,1
0xdb5781a835b60110298fF7205D8ef9678Ff1f800,yoav.eth,1,1,0,12201540.61,37,19,18,1,0
0x3277b60836a09afE7f4171B175bd5605BC3D3E40,leonen.eth,0,0,0,49860.80604,37,30,7,30,1
0x0E4Fb07AbdA5B8C56649ae65A15bC8D0666f042A,kop123.eth,7,1,6,47446.51994,37,21,16,22,0
0x945d5bcda8dCd9Cd8b221fd23CF4b6C0E7e50bD5,piotrmisiurek.eth,6,1,5,31409.31233,37,7,30,24,0
0x0f9457824Adb0649F57b91f21fcaF598b7ed9230,NULL,4,0,4,12167835.52,36,35,1,0,0
0xEc3124F5d4161c3dB98CC0C31B3ff5a1e3472A25,baharnarenj.eth,15,1,14,196615.9119,36,24,12,4,0
0xece81706f6C9a72880D30DA861a05696CCc51a0e,luongpham.eth,3,1,2,46235.14973,36,25,11,2,1
0xC5fBC6A76a4b462911787529F144561CBCde165a,yinhexi.eth,7,0,7,38580.53827,36,4,32,27,0
0x9Cad95aDee7fbF9f689969A5Be63140be3Cb524b,hocilef.eth,9,1,8,28132.01481,36,21,15,28,0
0xE62e462F310723818196C0E551b747BFA5645624,playor.eth,10,1,9,28092.24196,36,4,32,13,0
0x8F73bE66CA8c79382f72139be03746343Bf5Faa0,mihal.eth,6,1,5,931200.5828,35,2,33,6,0
0xb4c5355f35e0FC4A3dAFC55F64319416e154FB11,NULL,1,0,1,178804.9012,35,23,12,36,0
0xa622af849a6e5D8C5755307E5FDE49aC02E4f28E,notdeep.eth,2,1,1,109168.5241,35,17,18,14,0
0x1bBea6ff3b2F3Aa6b5c3072FcF8565F3637051b8,l2cp.eth,3,1,2,61468.14077,35,32,3,5,1
0x99b8c31DeD78266F66833a8c1997cf30c44d60eF,web3life.eth,11,1,10,51659.94346,35,23,12,2,0
0xD0E903402146eeC8D479C74b48dDDa3746bCeA5E,NULL,1,1,0,27412.40241,35,35,0,0,0
0xd662a06f15eDaa71a667c5839ECeC2C0a82c3937,NULL,1,1,0,27075.41878,35,27,8,20,1
0x81b716213510f767a3633ccE0bbfA236aa4F8195,NULL,2,1,1,26413.49031,35,34,1,5,1
0x8289432ACD5EB0214B1C2526A5EDB480Aa06A9ab,wslyvh.eth,7,1,6,48906.85213,34,14,20,12,1
0xa7265D06168561C0B2fcA78eA4045e0487A3556B,NULL,1,1,0,28444.08845,34,34,0,0,0
0xFd4F24676eD4588928213F37B126B53c07186F45,zencephalon.eth,1,0,1,295645.9292,33,8,25,0,0
0x428ab1cdf1aCE6046c63dF1f4CbA0ea3b105E7f7,pandoshi.eth,11,1,10,44558.33353,33,19,14,33,1
0x5B2ddDf2a4772D9C27c9B3099c371c3e7ba7b4A7,opensailor.eth,20,1,19,156955.0517,32,28,4,29,0
0xD1D645a20f8a6cDe202aED2B19E29dA160524548,NULL,2,1,1,66672.66849,32,27,5,10,0
0x7B85f197f6944aa5cA32d46EE3b0173Ea33Fa052,andreatothemoon.eth,10,1,9,65230.6087,32,26,6,22,1
0x5973F77c4c8FDf2719A71F7F8B63f68A5B107433,NULL,1,1,0,34688.62034,32,26,6,17,0
0xb4a0C27D79D54fd2ecCB6DC9Ef9eB49eC706626E,NULL,20,0,20,114907.987,31,30,1,21,0
0xaAEa73b45fD8028B3B27491c475bc5F54CE75679,NULL,0,0,0,54823.83742,31,20,11,2,0
0xcB726F13479963934E91b6F34b6E87eC69c21bB9,omanizen.eth,20,1,19,51149.76935,31,4,27,50,0
0x0bF45D68E6313DFD5464147373AC4a379c146a58,NULL,5,1,4,44549.57535,31,19,12,50,0
0x754ffCA4eFAfE7D7f0Bcb5040e94457cE454aa11,NULL,0,0,0,40175.94713,31,22,9,9,0
0x86250c2ca9AA91e66cF6eC2925278Ce89b89FE1a,shashipeiqi.eth,5,1,4,30934.58812,31,5,26,13,0
0x164Af4245734Ef265bbF28DE9dFF071F71227C16,NULL,1,1,0,74080.74276,30,30,0,10,0
0x781Cd8E81e9bb6A5644a8bc1b84297230974e904,tomaage.eth,0,0,0,60204.13192,30,20,10,0,0
0x5D544C2329d812B1eA1D3F520C882d69811c7a06,postpunk.eth,10,1,9,60100.71101,30,6,24,50,1
0x8276476b641aCAF27B09f3ee721c02Db3A67835B,hardrada.eth,3,1,2,49387.16184,30,20,10,13,1
0xaEAAC4b78eDB9A049Dfa837b660a0b4882cD1AC8,NULL,6,1,5,26674.77368,30,7,23,3,1
0x77e1892Fd956c6df5a283804d57BA4c6e2803766,elcl√°sico.eth,14,1,13,176572.023,29,27,2,26,0
0xccC4e8Ad313dF8150211B1b934725345924ab81D,alucard.eth,11,1,10,110193.3258,29,15,14,29,1
0x3301E968c874F5c7Fc09D6BCf1055BA3eeB74749,bayc8774.eth,0,0,0,44092.70902,29,17,12,5,0
0xEdfbCE1206524713ccaea59C75a85DbCe6DDDDec,starkmann.eth,0,0,0,31888.67403,29,20,9,15,0
0x270f76f3D6CB6B5D3292c7EC6B2EDAd479f929a2,NULL,1,1,0,28973.9,29,29,0,1,1
0xbFdffCd81A3796f55b476B36937253FA6267644B,NULL,6,1,5,65269.50025,28,25,3,10,0
0x4DECD019AAF97aa86122Fd12A3470B6BCf1743f7,18h15m05s.eth,1,0,1,39386.74516,28,17,11,5,0
0xaf4e482294B2E4A7a24b06cD072e62F095A9A5bC,zzzzjesus.eth,9,1,8,29483.07022,28,9,19,23,2
0x7c362C74ced11D42de930B4f9E959731aA94015B,NULL,3,1,2,26217.52852,28,25,3,6,0
0xB30dD1198Feed1e22EC969f61EEd04cB75937adf,tetranome.eth,2,1,1,144069.1072,27,19,8,6,0
0xF70ef4Fc0FeCea687083F66ea835932BfdE82282,NULL,2,1,1,130982.6856,27,12,15,7,1
0x1C695cb291f3Ffa02fAEB196999B3013cB45C7dE,NULL,4,1,3,58755.81803,27,23,4,10,1
0x1C695cb291f3Ffa02fAEB196999B3013cB45C7dE,NULL,4,1,3,58755.81803,27,23,4,10,1
0x406b607644c5D7BfDA95963201E45A4c6AB1c159,NULL,0,0,0,48416768.59,26,26,0,1,0
0x5bde5b306C96C899bc870A026de91543Ff2359EA,rockstar222.eth,3,0,3,119398.3358,26,11,15,11,0
0x34c7f987D4F51733B62F9820757600cC337f89Bb,NULL,1,1,0,110630,26,26,0,1,0
0x7982aFab21Fb7ec585d762Ad5Ed1A72194982fD5,lorenhuang.eth,0,0,0,79847.75481,26,6,20,22,0
0xD45A79C9B51C8456655a0CB1908602F9BeDa73b8,NULL,0,0,0,62597.3104,26,26,0,4,0
0xDa9493351D52a4d042Ac76e24F5F61DD321050a4,NULL,1,1,0,43438.64149,26,26,0,6,1
0xE7589a9435e27bF1443EbB279083f044C054E9fe,NULL,5,1,4,143047.8574,25,5,20,11,0
0x6ee25007B73Fa79902A152A78cAB50f4f7fA9eFF,casperdefivault.eth,4,0,4,92612.10795,25,15,10,4,0
0xeCb0b10c45A48b78b7459B71E396e705D9dF84f3,supersupply.eth,0,0,0,67167.78205,25,17,8,1,0
0x30d3f805C896D8b6290D7978d7121Ff24CE4ab22,NULL,2,1,1,41112.42921,25,21,4,17,1
0x872F6a5242A3e3aA2364C47455942D94f84832E5,NULL,1,1,0,26387.29568,25,4,21,23,0
0x6d817b6eB90d9471648ACB2687aB198Cd5972C8B,NULL,1,1,0,179859.6244,24,24,0,12,2
0x98b1522A9b09040FEd62DFea83aC2286964E68Db,shumyoumyou.eth,2,0,2,68339.88888,24,7,17,2,0
0xfF2295366793eeFE6701cD83deb25C2dCF654dC2,NULL,0,0,0,49387.16184,24,20,4,4,0
0xcAeC222177aed354748aec59a3AaC7Fd23e86d9F,NULL,3,1,2,34059.17561,23,23,0,16,1
0xa02513b5c1695940b87c835f5cd038Ac13C1B53f,NULL,1,1,0,46316.87803,22,22,0,2,0
0xe44799Ef334Df157e0F8e2855E5EbeBdBc02b299,NULL,0,0,0,362649.3421,21,9,12,2,0
0xBd4f277fC9166d18c202AFf35913a8F7E53B39df,candydao.eth,1,0,1,40042.99139,21,10,11,1,0
0x4425D1E9BE460FD41f71B2F1F3F17612D3e4d82D,NULL,1,1,0,27988.66115,21,21,0,0,0
0xd3e9Ad5ADf75Ff2905d004cD2489d88B747f9F9f,NULL,1,1,0,27939.64151,21,20,1,12,0
0x7aEF53642E38b4d1D2ADCC27FD7E23906A6703a8,shitizens.eth,9,1,8,139060.3452,20,9,11,7,1
0x17456584C7E2fbAAfae4e1F759b7677BE9cCC4f8,NULL,3,1,2,46600.26181,20,17,3,7,0
0x46F09EaaDFa611dc45af8528c947Ba7ee01D7208,NULL,1,0,1,38376.68619,20,14,6,3,0
0x70D95a4e6f514149Af97de9a107D12Bf1Cf57169,scaleweb3.eth,0,0,0,3270366.251,19,19,0,0,0
0x5056e14939714dAc4a57a009CA608AD2458B0034,stateofgrace.eth,4,1,3,104751.3634,19,17,2,5,0
0x795738b2342129b1647ABe25b543446045C5820f,NULL,0,0,0,1980000,18,18,0,0,0
0x1FC9ABEC21A80Eed7fCaB4368046414a2ECf45F5,NULL,0,0,0,204025.187,18,17,1,3,1
0x1FC9ABEC21A80Eed7fCaB4368046414a2ECf45F5,NULL,0,0,0,204025.187,18,17,1,3,1
0x0D46857B0b72d56eE187B0277caC0793238BBC92,0521.eth,2,1,1,152675.7745,18,12,6,50,0
0x4e1700bD150e07027Fe5A2DBad5942fa4d238056,NULL,2,1,1,120677.8715,18,18,0,15,1
0xae615Ca6E787A06379C91cf8098002852b741c16,NULL,1,1,0,78531.57221,18,17,1,0,0
0xdbAABc182e5FCEbf216C353A3EBE32cDB7390094,NULL,2,1,1,53534.55262,18,18,0,27,0
0xb79C89EA73FDB0d89A95Ae3Ec8cD456f7f6e5f05,NULL,1,1,0,41950.83755,18,18,0,0,0
0x2D2240991C9c1d10bBDBd0cB8cC0b96984c1CC29,NULL,5,1,4,26183.73648,18,15,3,11,0
0x731DF5Aa088eFE96473A29c37Bf3095BD113B381,kramnatius.eth,3,1,2,37951.38378,17,16,1,24,0
0x13838884271ec954CB036D0B29D404afab5EAe2A,NULL,0,0,0,4536567.896,16,16,0,0,0
0x16598e250Bc89B6A5f0F81942CBde8f9FB42baBc,akara.eth,2,1,1,32121.18403,15,4,11,1,0
0xb7Abf554aEfd4686639afcF2A653ADfDa3D9b038,pseudotheos.eth,1,1,0,2241428.989,14,14,0,1,0
0xB11Af3eaAc502fac3C613b03c9A352c08ea5F765,NULL,0,0,0,29042.30936,14,2,12,1,0
0xf3F527B70aF6012F328D3edE7fCd3F5F3Ca6CBA2,zengjiajun.eth,16,1,15,899071.5803,13,9,4,4,0
0x7ad41e9d6e1FA47F1F6bcc63BD0327009590a47b,NULL,0,0,0,849544.8621,13,9,4,1,0
0x2Ebeb7554D97101CE33f2e7B511b236661848faC,NULL,1,1,0,195000,13,13,0,19,0
0xaf0939af286A35DBfab7DEd7c777A5F6E8BE26A8,troggy.eth,9,1,8,125475.9726,13,7,6,6,0
0xdab0d648a2a771e6952916A822dddf738b535f5A,fire-infra.pod.xyz,0,0,0,2024163.81,12,10,2,0,0
0xdF91E8Eb4208ab196BDCf2dCf4c669951528E6d1,NULL,5,1,4,29512.29711,12,12,0,17,0
0x6cea573473348367A5f66e0f261BFA25799E6a60,mjs.eth,0,0,0,5731189.032,11,10,1,4,0
0x9b7DF3A2DF61E72dF5C4d565A0E017D7C5c6E532,NULL,0,0,0,2988623.266,11,11,0,0,0
0x7e188FCE356695d37F67153aeC2112D197EF405c,0xvelo.eth,1,0,1,260248.1349,11,10,1,32,0
0xd1AFcDc2542f161BdAF34c3B77D860FeDCd4626d,karljohan.eth,1,1,0,36473.84974,10,7,3,19,0
0xE8b22a88DEB45C7848d394fd039B8D811511a9F3,NULL,0,0,0,289225.2802,9,5,4,2,0
0xe254f0EFc830BDFAaDe07EbC99A1B355530bb625,danil.eth,1,1,0,156003.8109,9,5,4,1,0
0xA311Ab5780aA036B71aAc2b71163fD03ec0DF59E,?????.eth,1,1,0,31748.50326,8,3,5,11,0
0x5B4dF17CA5A3339D722028a585582693742E5B5a,NULL,2,1,1,46612.10154,7,6,1,20,1
0xfb37cB4047C092b04b415Ab32F33465E6F16FE02,NULL,1,1,0,228014.6162,6,6,0,8,1
0x9e5B45e4872DE2Ee4b6ffBd06b3735501826B032,NULL,0,0,0,2352127.471,5,4,1,1,0
0x9CBE5B896d0c24AcF41860B9e3df6750C2040a40,NULL,1,1,0,1830051.165,5,5,0,0,0
0x86A9D5AA89d8018e378f27c1a6C09e1623318767,NULL,0,0,0,35000,5,5,0,0,0
0x5064fcca51e933D4BB45C92E9ab869CD5428d38B,NULL,0,0,0,74579.26676,4,4,0,0,0
0x953Eba01f96A87691A259c82699AD0bE913C0Dc7,NULL,0,0,0,36405.29804,3,3,0,0,0
0x070016d3cB1a7dACbD7321ee1BEdb8ddfEEE4BF9,0xrks.eth,1,1,0,30434,2,2,0,11,0
0x8B4441E79151e3fC5264733A3C5da4fF8EAc16c1,pee73.eth,0,0,0,99772.17892,1,1,0,2,0